{
"meta":{"test_sets":[],"test_metrics":[],"learn_metrics":[{"best_value":"Min","name":"RMSE"}],"launch_mode":"Train","parameters":"","iteration_count":1000,"learn_sets":["learn"],"name":"experiment"},
"iterations":[
{"learn":[5.663803114],"iteration":0,"passed_time":0.1353593086,"remaining_time":135.2239493},
{"learn":[5.557273016],"iteration":1,"passed_time":0.1416671919,"remaining_time":70.69192875},
{"learn":[5.463631391],"iteration":2,"passed_time":0.1471358321,"remaining_time":48.89814152},
{"learn":[5.375276629],"iteration":3,"passed_time":0.1501912772,"remaining_time":37.39762802},
{"learn":[5.282752757],"iteration":4,"passed_time":0.1534777235,"remaining_time":30.54206698},
{"learn":[5.197820264],"iteration":5,"passed_time":0.1600567072,"remaining_time":26.51606116},
{"learn":[5.103309731],"iteration":6,"passed_time":0.165906865,"remaining_time":23.53507384},
{"learn":[5.030735385],"iteration":7,"passed_time":0.1688483696,"remaining_time":20.93719783},
{"learn":[4.940975683],"iteration":8,"passed_time":0.1758490241,"remaining_time":19.36293143},
{"learn":[4.864240369],"iteration":9,"passed_time":0.180290542,"remaining_time":17.84876366},
{"learn":[4.791611269],"iteration":10,"passed_time":0.1863795147,"remaining_time":16.75721273},
{"learn":[4.716699429],"iteration":11,"passed_time":0.1889580767,"remaining_time":15.55754832},
{"learn":[4.644004145],"iteration":12,"passed_time":0.1924624689,"remaining_time":14.61234283},
{"learn":[4.577254906],"iteration":13,"passed_time":0.1983254967,"remaining_time":13.96778141},
{"learn":[4.514669945],"iteration":14,"passed_time":0.2053558261,"remaining_time":13.48503258},
{"learn":[4.449103459],"iteration":15,"passed_time":0.2095127919,"remaining_time":12.8850367},
{"learn":[4.391531236],"iteration":16,"passed_time":0.2117246687,"remaining_time":12.24266761},
{"learn":[4.334249026],"iteration":17,"passed_time":0.2142466935,"remaining_time":11.68834739},
{"learn":[4.268074391],"iteration":18,"passed_time":0.2196254558,"remaining_time":11.33960906},
{"learn":[4.199875238],"iteration":19,"passed_time":0.2215275994,"remaining_time":10.85485237},
{"learn":[4.135166608],"iteration":20,"passed_time":0.2254970265,"remaining_time":10.51245662},
{"learn":[4.072453011],"iteration":21,"passed_time":0.2284931315,"remaining_time":10.1575583},
{"learn":[4.010532146],"iteration":22,"passed_time":0.2308117228,"remaining_time":9.804480573},
{"learn":[3.947926879],"iteration":23,"passed_time":0.2327941149,"remaining_time":9.466960674},
{"learn":[3.891702386],"iteration":24,"passed_time":0.2350794741,"remaining_time":9.168099489},
{"learn":[3.83013238],"iteration":25,"passed_time":0.2381371433,"remaining_time":8.920983754},
{"learn":[3.778675231],"iteration":26,"passed_time":0.241818868,"remaining_time":8.714435501},
{"learn":[3.721023665],"iteration":27,"passed_time":0.2438323407,"remaining_time":8.464465541},
{"learn":[3.664033652],"iteration":28,"passed_time":0.2483961518,"remaining_time":8.316988392},
{"learn":[3.616423905],"iteration":29,"passed_time":0.2519535132,"remaining_time":8.146496925},
{"learn":[3.561623576],"iteration":30,"passed_time":0.2549037955,"remaining_time":7.967799284},
{"learn":[3.514441955],"iteration":31,"passed_time":0.2585357553,"remaining_time":7.820706597},
{"learn":[3.470978285],"iteration":32,"passed_time":0.262606859,"remaining_time":7.695176747},
{"learn":[3.433027541],"iteration":33,"passed_time":0.2652599816,"remaining_time":7.536504183},
{"learn":[3.393382683],"iteration":34,"passed_time":0.2684084565,"remaining_time":7.400404586},
{"learn":[3.346559099],"iteration":35,"passed_time":0.2709456646,"remaining_time":7.255322797},
{"learn":[3.305812049],"iteration":36,"passed_time":0.2746062727,"remaining_time":7.147184883},
{"learn":[3.267207953],"iteration":37,"passed_time":0.278125695,"remaining_time":7.040971542},
{"learn":[3.220609858],"iteration":38,"passed_time":0.279981855,"remaining_time":6.899040067},
{"learn":[3.175712547],"iteration":39,"passed_time":0.2840001868,"remaining_time":6.816004483},
{"learn":[3.136986192],"iteration":40,"passed_time":0.2856307586,"remaining_time":6.680973111},
{"learn":[3.099540782],"iteration":41,"passed_time":0.2895996766,"remaining_time":6.605630718},
{"learn":[3.067207697],"iteration":42,"passed_time":0.2918037421,"remaining_time":6.494329795},
{"learn":[3.031724147],"iteration":43,"passed_time":0.293432792,"remaining_time":6.3754943},
{"learn":[2.998852127],"iteration":44,"passed_time":0.2953453483,"remaining_time":6.267884615},
{"learn":[2.967197319],"iteration":45,"passed_time":0.2969533914,"remaining_time":6.158555118},
{"learn":[2.929975353],"iteration":46,"passed_time":0.2987312571,"remaining_time":6.057252937},
{"learn":[2.893799909],"iteration":47,"passed_time":0.3016505716,"remaining_time":5.982736337},
{"learn":[2.861027414],"iteration":48,"passed_time":0.3041541851,"remaining_time":5.903074082},
{"learn":[2.823330567],"iteration":49,"passed_time":0.3074580103,"remaining_time":5.841702196},
{"learn":[2.793102801],"iteration":50,"passed_time":0.310112612,"remaining_time":5.770526838},
{"learn":[2.762715901],"iteration":51,"passed_time":0.3121487825,"remaining_time":5.69071242},
{"learn":[2.730208441],"iteration":52,"passed_time":0.3156818118,"remaining_time":5.640578789},
{"learn":[2.70572841],"iteration":53,"passed_time":0.3199218417,"remaining_time":5.604556709},
{"learn":[2.674925018],"iteration":54,"passed_time":0.3239308797,"remaining_time":5.565721478},
{"learn":[2.646898796],"iteration":55,"passed_time":0.3272590729,"remaining_time":5.516652944},
{"learn":[2.617896778],"iteration":56,"passed_time":0.3295611149,"remaining_time":5.452212831},
{"learn":[2.598716191],"iteration":57,"passed_time":0.3335467096,"remaining_time":5.417258628},
{"learn":[2.571613076],"iteration":58,"passed_time":0.3362463482,"remaining_time":5.362844299},
{"learn":[2.548028345],"iteration":59,"passed_time":0.3398738647,"remaining_time":5.324690547},
{"learn":[2.521072011],"iteration":60,"passed_time":0.3414178881,"remaining_time":5.255596671},
{"learn":[2.494302067],"iteration":61,"passed_time":0.3430634387,"remaining_time":5.190217831},
{"learn":[2.474044037],"iteration":62,"passed_time":0.3446738492,"remaining_time":5.12633963},
{"learn":[2.458115523],"iteration":63,"passed_time":0.3460106355,"remaining_time":5.060405545},
{"learn":[2.434187042],"iteration":64,"passed_time":0.3477639966,"remaining_time":5.002451336},
{"learn":[2.412353565],"iteration":65,"passed_time":0.3519103848,"remaining_time":4.980065143},
{"learn":[2.390442283],"iteration":66,"passed_time":0.354601201,"remaining_time":4.937954037},
{"learn":[2.370833548],"iteration":67,"passed_time":0.3579163458,"remaining_time":4.905559328},
{"learn":[2.351549903],"iteration":68,"passed_time":0.3596471588,"remaining_time":4.852630505},
{"learn":[2.330965428],"iteration":69,"passed_time":0.3632272489,"remaining_time":4.82573345},
{"learn":[2.310931189],"iteration":70,"passed_time":0.3656890441,"remaining_time":4.784860872},
{"learn":[2.28919586],"iteration":71,"passed_time":0.3672373189,"remaining_time":4.733280999},
{"learn":[2.268356175],"iteration":72,"passed_time":0.3721875734,"remaining_time":4.726272336},
{"learn":[2.249175773],"iteration":73,"passed_time":0.3749297462,"remaining_time":4.691688445},
{"learn":[2.232601527],"iteration":74,"passed_time":0.3791806945,"remaining_time":4.676561899},
{"learn":[2.22116219],"iteration":75,"passed_time":0.3811740773,"remaining_time":4.634274308},
{"learn":[2.200809998],"iteration":76,"passed_time":0.3827951781,"remaining_time":4.588570771},
{"learn":[2.18260293],"iteration":77,"passed_time":0.3858323497,"remaining_time":4.560736236},
{"learn":[2.16651273],"iteration":78,"passed_time":0.3878771903,"remaining_time":4.521960661},
{"learn":[2.149205042],"iteration":79,"passed_time":0.3917928305,"remaining_time":4.505617551},
{"learn":[2.130647557],"iteration":80,"passed_time":0.3936054186,"remaining_time":4.465720737},
{"learn":[2.111520004],"iteration":81,"passed_time":0.3967064516,"remaining_time":4.441177105},
{"learn":[2.098452314],"iteration":82,"passed_time":0.3989831609,"remaining_time":4.408042874},
{"learn":[2.083619062],"iteration":83,"passed_time":0.4012614785,"remaining_time":4.375660884},
{"learn":[2.070527092],"iteration":84,"passed_time":0.404733862,"remaining_time":4.356840985},
{"learn":[2.055831417],"iteration":85,"passed_time":0.4076271665,"remaining_time":4.332223607},
{"learn":[2.040680356],"iteration":86,"passed_time":0.4111114742,"remaining_time":4.314307769},
{"learn":[2.023510629],"iteration":87,"passed_time":0.4146505922,"remaining_time":4.297287955},
{"learn":[2.007743871],"iteration":88,"passed_time":0.4174574657,"remaining_time":4.273075856},
{"learn":[1.993295259],"iteration":89,"passed_time":0.4196064123,"remaining_time":4.242687058},
{"learn":[1.980830518],"iteration":90,"passed_time":0.4221428205,"remaining_time":4.216789273},
{"learn":[1.966904065],"iteration":91,"passed_time":0.4237600478,"remaining_time":4.182327429},
{"learn":[1.954735999],"iteration":92,"passed_time":0.426431013,"remaining_time":4.158848697},
{"learn":[1.939420631],"iteration":93,"passed_time":0.428200342,"remaining_time":4.127122445},
{"learn":[1.927391683],"iteration":94,"passed_time":0.4298506883,"remaining_time":4.094893399},
{"learn":[1.91224511],"iteration":95,"passed_time":0.4317664262,"remaining_time":4.065800514},
{"learn":[1.90216171],"iteration":96,"passed_time":0.4332735761,"remaining_time":4.033464322},
{"learn":[1.887076447],"iteration":97,"passed_time":0.4352381457,"remaining_time":4.005967422},
{"learn":[1.8747186],"iteration":98,"passed_time":0.437451834,"remaining_time":3.98125356},
{"learn":[1.864895516],"iteration":99,"passed_time":0.4402254027,"remaining_time":3.962028625},
{"learn":[1.852377787],"iteration":100,"passed_time":0.4441920907,"remaining_time":3.953749402},
{"learn":[1.837572546],"iteration":101,"passed_time":0.4476406575,"remaining_time":3.94099324},
{"learn":[1.826499271],"iteration":102,"passed_time":0.4495870108,"remaining_time":3.915335424},
{"learn":[1.814226861],"iteration":103,"passed_time":0.4517696676,"remaining_time":3.892169444},
{"learn":[1.804948597],"iteration":104,"passed_time":0.4553158897,"remaining_time":3.881025917},
{"learn":[1.791475353],"iteration":105,"passed_time":0.4587534898,"remaining_time":3.869109621},
{"learn":[1.784339916],"iteration":106,"passed_time":0.462592228,"remaining_time":3.860699622},
{"learn":[1.770807334],"iteration":107,"passed_time":0.4654456233,"remaining_time":3.844236074},
{"learn":[1.757774406],"iteration":108,"passed_time":0.4688197936,"remaining_time":3.83227923},
{"learn":[1.754858683],"iteration":109,"passed_time":0.4714230101,"remaining_time":3.814240718},
{"learn":[1.742957429],"iteration":110,"passed_time":0.4731167855,"remaining_time":3.789196597},
{"learn":[1.735954977],"iteration":111,"passed_time":0.4746289481,"remaining_time":3.763129517},
{"learn":[1.725378416],"iteration":112,"passed_time":0.4762031977,"remaining_time":3.737984392},
{"learn":[1.71434317],"iteration":113,"passed_time":0.4787291738,"remaining_time":3.720649544},
{"learn":[1.703438816],"iteration":114,"passed_time":0.4822145664,"remaining_time":3.710955576},
{"learn":[1.693331969],"iteration":115,"passed_time":0.4844793059,"remaining_time":3.692066434},
{"learn":[1.686437589],"iteration":116,"passed_time":0.4882068609,"remaining_time":3.684501352},
{"learn":[1.676388695],"iteration":117,"passed_time":0.4898424756,"remaining_time":3.661364944},
{"learn":[1.669351569],"iteration":118,"passed_time":0.4913893489,"remaining_time":3.637932911},
{"learn":[1.659744922],"iteration":119,"passed_time":0.4929454641,"remaining_time":3.614933403},
{"learn":[1.651869507],"iteration":120,"passed_time":0.4968155303,"remaining_time":3.609097943},
{"learn":[1.644612343],"iteration":121,"passed_time":0.4986897506,"remaining_time":3.588931156},
{"learn":[1.636600047],"iteration":122,"passed_time":0.500758385,"remaining_time":3.570447997},
{"learn":[1.626658889],"iteration":123,"passed_time":0.5044391491,"remaining_time":3.563618505},
{"learn":[1.61601159],"iteration":124,"passed_time":0.5072521873,"remaining_time":3.550765311},
{"learn":[1.6113158],"iteration":125,"passed_time":0.5105845181,"remaining_time":3.541673562},
{"learn":[1.601927352],"iteration":126,"passed_time":0.5123755828,"remaining_time":3.522077825},
{"learn":[1.59229937],"iteration":127,"passed_time":0.5158133574,"remaining_time":3.513978497},
{"learn":[1.584249455],"iteration":128,"passed_time":0.5175209784,"remaining_time":3.494269552},
{"learn":[1.57591199],"iteration":129,"passed_time":0.5190748126,"remaining_time":3.473808361},
{"learn":[1.566031643],"iteration":130,"passed_time":0.5208534196,"remaining_time":3.455126882},
{"learn":[1.560646384],"iteration":131,"passed_time":0.5232078513,"remaining_time":3.440487992},
{"learn":[1.553170288],"iteration":132,"passed_time":0.5252385659,"remaining_time":3.423923584},
{"learn":[1.548310986],"iteration":133,"passed_time":0.5279142342,"remaining_time":3.41174423},
{"learn":[1.541787677],"iteration":134,"passed_time":0.5314490815,"remaining_time":3.405210782},
{"learn":[1.536996227],"iteration":135,"passed_time":0.5344166667,"remaining_time":3.395117647},
{"learn":[1.529898749],"iteration":136,"passed_time":0.5378617361,"remaining_time":3.388136338},
{"learn":[1.527111763],"iteration":137,"passed_time":0.5407065653,"remaining_time":3.377456952},
{"learn":[1.51928122],"iteration":138,"passed_time":0.54294858,"remaining_time":3.363156312},
{"learn":[1.513876233],"iteration":139,"passed_time":0.5458593978,"remaining_time":3.353136301},
{"learn":[1.507071369],"iteration":140,"passed_time":0.5476081705,"remaining_time":3.336137719},
{"learn":[1.502052475],"iteration":141,"passed_time":0.5491915406,"remaining_time":3.31835452},
{"learn":[1.494606769],"iteration":142,"passed_time":0.5507394316,"remaining_time":3.300585265},
{"learn":[1.4899222],"iteration":143,"passed_time":0.552590397,"remaining_time":3.284842916},
{"learn":[1.48369096],"iteration":144,"passed_time":0.5557156741,"remaining_time":3.276806216},
{"learn":[1.478970593],"iteration":145,"passed_time":0.5575920004,"remaining_time":3.26153129},
{"learn":[1.472704595],"iteration":146,"passed_time":0.5603063619,"remaining_time":3.251301542},
{"learn":[1.464511549],"iteration":147,"passed_time":0.5620910525,"remaining_time":3.235821464},
{"learn":[1.45947873],"iteration":148,"passed_time":0.565589605,"remaining_time":3.230313784},
{"learn":[1.452696926],"iteration":149,"passed_time":0.5694925107,"remaining_time":3.227124227},
{"learn":[1.443443466],"iteration":150,"passed_time":0.5712609382,"remaining_time":3.211924083},
{"learn":[1.438769762],"iteration":151,"passed_time":0.5737377665,"remaining_time":3.200852802},
{"learn":[1.433216309],"iteration":152,"passed_time":0.575309309,"remaining_time":3.184882253},
{"learn":[1.426555456],"iteration":153,"passed_time":0.5790724175,"remaining_time":3.181138086},
{"learn":[1.42220238],"iteration":154,"passed_time":0.5812508735,"remaining_time":3.168754762},
{"learn":[1.416856684],"iteration":155,"passed_time":0.5830009815,"remaining_time":3.154184797},
{"learn":[1.410291767],"iteration":156,"passed_time":0.5855068338,"remaining_time":3.143836057},
{"learn":[1.401652842],"iteration":157,"passed_time":0.5875422658,"remaining_time":3.13107967},
{"learn":[1.395122159],"iteration":158,"passed_time":0.5893664487,"remaining_time":3.117340776},
{"learn":[1.390909599],"iteration":159,"passed_time":0.5921200414,"remaining_time":3.108630217},
{"learn":[1.385896415],"iteration":160,"passed_time":0.5947981543,"remaining_time":3.09960032},
{"learn":[1.379976966],"iteration":161,"passed_time":0.597407512,"remaining_time":3.090293179},
{"learn":[1.37475278],"iteration":162,"passed_time":0.6010114767,"remaining_time":3.086175497},
{"learn":[1.368908762],"iteration":163,"passed_time":0.6045980308,"remaining_time":3.081975328},
{"learn":[1.363163732],"iteration":164,"passed_time":0.6081968503,"remaining_time":3.077844667},
{"learn":[1.359324771],"iteration":165,"passed_time":0.6115507245,"remaining_time":3.072489785},
{"learn":[1.352870336],"iteration":166,"passed_time":0.6134817956,"remaining_time":3.060061891},
{"learn":[1.346829023],"iteration":167,"passed_time":0.6164632998,"remaining_time":3.052961104},
{"learn":[1.343446799],"iteration":168,"passed_time":0.6207696724,"remaining_time":3.052423655},
{"learn":[1.338098211],"iteration":169,"passed_time":0.6226360694,"remaining_time":3.039929045},
{"learn":[1.33385569],"iteration":170,"passed_time":0.6267621928,"remaining_time":3.038513788},
{"learn":[1.328178287],"iteration":171,"passed_time":0.6287640637,"remaining_time":3.026840958},
{"learn":[1.323916622],"iteration":172,"passed_time":0.6330997841,"remaining_time":3.02643654},
{"learn":[1.318294025],"iteration":173,"passed_time":0.6358864198,"remaining_time":3.018633234},
{"learn":[1.312075626],"iteration":174,"passed_time":0.6391959057,"remaining_time":3.013352127},
{"learn":[1.307962893],"iteration":175,"passed_time":0.6413082328,"remaining_time":3.002488544},
{"learn":[1.301523624],"iteration":176,"passed_time":0.6448559146,"remaining_time":2.99839784},
{"learn":[1.297135708],"iteration":177,"passed_time":0.6485596931,"remaining_time":2.995034088},
{"learn":[1.290816409],"iteration":178,"passed_time":0.6527271206,"remaining_time":2.993793106},
{"learn":[1.287080979],"iteration":179,"passed_time":0.656805223,"remaining_time":2.992112683},
{"learn":[1.28408315],"iteration":180,"passed_time":0.6606796186,"remaining_time":2.98948402},
{"learn":[1.279183897],"iteration":181,"passed_time":0.6624446676,"remaining_time":2.977361198},
{"learn":[1.274889588],"iteration":182,"passed_time":0.6653636802,"remaining_time":2.970503425},
{"learn":[1.270773142],"iteration":183,"passed_time":0.666939037,"remaining_time":2.957729642},
{"learn":[1.266615409],"iteration":184,"passed_time":0.6685005417,"remaining_time":2.9450159},
{"learn":[1.263285634],"iteration":185,"passed_time":0.6695850605,"remaining_time":2.93033462},
{"learn":[1.262108882],"iteration":186,"passed_time":0.6718101317,"remaining_time":2.920757418},
{"learn":[1.260921118],"iteration":187,"passed_time":0.6736992354,"remaining_time":2.909807336},
{"learn":[1.256878479],"iteration":188,"passed_time":0.6752524288,"remaining_time":2.897511745},
{"learn":[1.254568494],"iteration":189,"passed_time":0.6773522445,"remaining_time":2.887659569},
{"learn":[1.249604319],"iteration":190,"passed_time":0.6814271067,"remaining_time":2.88625408},
{"learn":[1.247175402],"iteration":191,"passed_time":0.6850302942,"remaining_time":2.882835822},
{"learn":[1.245744285],"iteration":192,"passed_time":0.6881845567,"remaining_time":2.877538535},
{"learn":[1.243283451],"iteration":193,"passed_time":0.6904241391,"remaining_time":2.868463176},
{"learn":[1.240696184],"iteration":194,"passed_time":0.6938145977,"remaining_time":2.86420898},
{"learn":[1.238903178],"iteration":195,"passed_time":0.6956920881,"remaining_time":2.853757341},
{"learn":[1.234469774],"iteration":196,"passed_time":0.6976757423,"remaining_time":2.843825488},
{"learn":[1.230684957],"iteration":197,"passed_time":0.701292162,"remaining_time":2.840587444},
{"learn":[1.228636917],"iteration":198,"passed_time":0.7051931605,"remaining_time":2.838491063},
{"learn":[1.226469639],"iteration":199,"passed_time":0.7081299821,"remaining_time":2.832519928},
{"learn":[1.222993436],"iteration":200,"passed_time":0.7112424641,"remaining_time":2.827277258},
{"learn":[1.221813483],"iteration":201,"passed_time":0.7133688036,"remaining_time":2.818159927},
{"learn":[1.218387731],"iteration":202,"passed_time":0.7157710532,"remaining_time":2.810194726},
{"learn":[1.212901774],"iteration":203,"passed_time":0.7173367529,"remaining_time":2.799019879},
{"learn":[1.209878096],"iteration":204,"passed_time":0.71909354,"remaining_time":2.788679826},
{"learn":[1.207118267],"iteration":205,"passed_time":0.7218932823,"remaining_time":2.78244304},
{"learn":[1.206098144],"iteration":206,"passed_time":0.7262526164,"remaining_time":2.782214129},
{"learn":[1.202405811],"iteration":207,"passed_time":0.7285626284,"remaining_time":2.774142316},
{"learn":[1.200806015],"iteration":208,"passed_time":0.7324127622,"remaining_time":2.771954521},
{"learn":[1.196381033],"iteration":209,"passed_time":0.7363297063,"remaining_time":2.770002228},
{"learn":[1.190199582],"iteration":210,"passed_time":0.7392081324,"remaining_time":2.764147945},
{"learn":[1.188239488],"iteration":211,"passed_time":0.7430309479,"remaining_time":2.761832014},
{"learn":[1.182912425],"iteration":212,"passed_time":0.7450231489,"remaining_time":2.752738114},
{"learn":[1.177374548],"iteration":213,"passed_time":0.7490547577,"remaining_time":2.751201119},
{"learn":[1.175204244],"iteration":214,"passed_time":0.7532939174,"remaining_time":2.750398722},
{"learn":[1.172607359],"iteration":215,"passed_time":0.7554131004,"remaining_time":2.741869772},
{"learn":[1.169526011],"iteration":216,"passed_time":0.7594944273,"remaining_time":2.740479892},
{"learn":[1.16711109],"iteration":217,"passed_time":0.7620436823,"remaining_time":2.733569539},
{"learn":[1.164551574],"iteration":218,"passed_time":0.7636397804,"remaining_time":2.723299856},
{"learn":[1.162813797],"iteration":219,"passed_time":0.765181848,"remaining_time":2.712917461},
{"learn":[1.161703629],"iteration":220,"passed_time":0.7672321294,"remaining_time":2.704406465},
{"learn":[1.157893063],"iteration":221,"passed_time":0.7710446044,"remaining_time":2.702129289},
{"learn":[1.155442715],"iteration":222,"passed_time":0.7734760046,"remaining_time":2.695026258},
{"learn":[1.153737826],"iteration":223,"passed_time":0.7775687785,"remaining_time":2.693720411},
{"learn":[1.152049304],"iteration":224,"passed_time":0.7792037168,"remaining_time":2.683923913},
{"learn":[1.147556321],"iteration":225,"passed_time":0.7808903491,"remaining_time":2.674376682},
{"learn":[1.144031859],"iteration":226,"passed_time":0.7827986988,"remaining_time":2.665653719},
{"learn":[1.142488505],"iteration":227,"passed_time":0.7869256981,"remaining_time":2.664502802},
{"learn":[1.139196666],"iteration":228,"passed_time":0.7907696432,"remaining_time":2.662372904},
{"learn":[1.136707874],"iteration":229,"passed_time":0.7950596831,"remaining_time":2.661721548},
{"learn":[1.133495346],"iteration":230,"passed_time":0.7991428732,"remaining_time":2.660350084},
{"learn":[1.1318654],"iteration":231,"passed_time":0.8031829651,"remaining_time":2.658812574},
{"learn":[1.128758299],"iteration":232,"passed_time":0.8071822826,"remaining_time":2.657119359},
{"learn":[1.125552374],"iteration":233,"passed_time":0.8103183333,"remaining_time":2.652580527},
{"learn":[1.12361526],"iteration":234,"passed_time":0.8145692431,"remaining_time":2.651682855},
{"learn":[1.122309766],"iteration":235,"passed_time":0.8186106476,"remaining_time":2.650078537},
{"learn":[1.1212646],"iteration":236,"passed_time":0.8226021016,"remaining_time":2.648292842},
{"learn":[1.11915386],"iteration":237,"passed_time":0.825718164,"remaining_time":2.643685886},
{"learn":[1.118039445],"iteration":238,"passed_time":0.829471073,"remaining_time":2.641119191},
{"learn":[1.115099283],"iteration":239,"passed_time":0.8325510506,"remaining_time":2.63641166},
{"learn":[1.111542755],"iteration":240,"passed_time":0.8369873114,"remaining_time":2.635989084},
{"learn":[1.108795994],"iteration":241,"passed_time":0.8400825569,"remaining_time":2.631332967},
{"learn":[1.106208957],"iteration":242,"passed_time":0.8438883378,"remaining_time":2.628903176},
{"learn":[1.103625386],"iteration":243,"passed_time":0.847648376,"remaining_time":2.626320378},
{"learn":[1.099463997],"iteration":244,"passed_time":0.8494385094,"remaining_time":2.617657447},
{"learn":[1.098237892],"iteration":245,"passed_time":0.8523703627,"remaining_time":2.612549811},
{"learn":[1.096790221],"iteration":246,"passed_time":0.8538563381,"remaining_time":2.603051913},
{"learn":[1.092169889],"iteration":247,"passed_time":0.8573027434,"remaining_time":2.599563157},
{"learn":[1.08748372],"iteration":248,"passed_time":0.861003536,"remaining_time":2.59684199},
{"learn":[1.083335875],"iteration":249,"passed_time":0.8631947867,"remaining_time":2.58958436},
{"learn":[1.07817896],"iteration":250,"passed_time":0.8663112378,"remaining_time":2.585127957},
{"learn":[1.076064589],"iteration":251,"passed_time":0.8701844304,"remaining_time":2.582928389},
{"learn":[1.073378988],"iteration":252,"passed_time":0.8732966032,"remaining_time":2.578468627},
{"learn":[1.071129334],"iteration":253,"passed_time":0.8767618235,"remaining_time":2.575056379},
{"learn":[1.068378824],"iteration":254,"passed_time":0.879602604,"remaining_time":2.569819372},
{"learn":[1.064947942],"iteration":255,"passed_time":0.8834411738,"remaining_time":2.567500911},
{"learn":[1.063863869],"iteration":256,"passed_time":0.8874246034,"remaining_time":2.565589418},
{"learn":[1.059630272],"iteration":257,"passed_time":0.8907008084,"remaining_time":2.561627906},
{"learn":[1.054218288],"iteration":258,"passed_time":0.8929631049,"remaining_time":2.554770891},
{"learn":[1.050830588],"iteration":259,"passed_time":0.8968476518,"remaining_time":2.552566394},
{"learn":[1.049432093],"iteration":260,"passed_time":0.8987242465,"remaining_time":2.544663671},
{"learn":[1.044791389],"iteration":261,"passed_time":0.9018357764,"remaining_time":2.540285507},
{"learn":[1.041013357],"iteration":262,"passed_time":0.9036278332,"remaining_time":2.532219441},
{"learn":[1.039275173],"iteration":263,"passed_time":0.9052587518,"remaining_time":2.523751672},
{"learn":[1.038301223],"iteration":264,"passed_time":0.9086935729,"remaining_time":2.520338778},
{"learn":[1.036794845],"iteration":265,"passed_time":0.9124840412,"remaining_time":2.517907091},
{"learn":[1.032882987],"iteration":266,"passed_time":0.916766743,"remaining_time":2.516816564},
{"learn":[1.02666442],"iteration":267,"passed_time":0.9199191798,"remaining_time":2.512615073},
{"learn":[1.025779881],"iteration":268,"passed_time":0.9228479564,"remaining_time":2.507813592},
{"learn":[1.02292254],"iteration":269,"passed_time":0.9258851875,"remaining_time":2.503319211},
{"learn":[1.021746761],"iteration":270,"passed_time":0.9300807097,"remaining_time":2.501951429},
{"learn":[1.019780289],"iteration":271,"passed_time":0.9345841912,"remaining_time":2.5013871},
{"learn":[1.017139687],"iteration":272,"passed_time":0.9413140707,"remaining_time":2.506722818},
{"learn":[1.014037639],"iteration":273,"passed_time":0.946244506,"remaining_time":2.507202596},
{"learn":[1.012034516],"iteration":274,"passed_time":0.9483041025,"remaining_time":2.500074452},
{"learn":[1.005801268],"iteration":275,"passed_time":0.9522208612,"remaining_time":2.497854723},
{"learn":[1.000801912],"iteration":276,"passed_time":0.9566522885,"remaining_time":2.496966081},
{"learn":[0.9969772803],"iteration":277,"passed_time":0.9596541861,"remaining_time":2.492339289},
{"learn":[0.9921596205],"iteration":278,"passed_time":0.9635669717,"remaining_time":2.490078088},
{"learn":[0.9867347296],"iteration":279,"passed_time":0.9677973684,"remaining_time":2.488621804},
{"learn":[0.9854672375],"iteration":280,"passed_time":0.9708480637,"remaining_time":2.484127252},
{"learn":[0.9824204422],"iteration":281,"passed_time":0.9749569405,"remaining_time":2.482337175},
{"learn":[0.9789004359],"iteration":282,"passed_time":0.979625099,"remaining_time":2.481947689},
{"learn":[0.9753177472],"iteration":283,"passed_time":0.9838881959,"remaining_time":2.48050686},
{"learn":[0.9713476852],"iteration":284,"passed_time":0.987912367,"remaining_time":2.478446815},
{"learn":[0.9693302047],"iteration":285,"passed_time":0.9906973302,"remaining_time":2.473279349},
{"learn":[0.9642646714],"iteration":286,"passed_time":0.9941859163,"remaining_time":2.46987651},
{"learn":[0.9617111852],"iteration":287,"passed_time":0.9986199055,"remaining_time":2.468810322},
{"learn":[0.958875953],"iteration":288,"passed_time":1.002633248,"remaining_time":2.46668595},
{"learn":[0.9578638996],"iteration":289,"passed_time":1.004495742,"remaining_time":2.459282678},
{"learn":[0.9568425052],"iteration":290,"passed_time":1.00794051,"remaining_time":2.455772583},
{"learn":[0.9518894016],"iteration":291,"passed_time":1.012307196,"remaining_time":2.45449827},
{"learn":[0.9479126824],"iteration":292,"passed_time":1.016385727,"remaining_time":2.452507539},
{"learn":[0.945431122],"iteration":293,"passed_time":1.020455891,"remaining_time":2.450482514},
{"learn":[0.9406150672],"iteration":294,"passed_time":1.024472846,"remaining_time":2.448316462},
{"learn":[0.9376051057],"iteration":295,"passed_time":1.028190018,"remaining_time":2.445424907},
{"learn":[0.936657293],"iteration":296,"passed_time":1.02992805,"remaining_time":2.437843162},
{"learn":[0.935680908],"iteration":297,"passed_time":1.032117828,"remaining_time":2.431364815},
{"learn":[0.931474534],"iteration":298,"passed_time":1.034141389,"remaining_time":2.424525463},
{"learn":[0.9296297437],"iteration":299,"passed_time":1.03768767,"remaining_time":2.421271231},
{"learn":[0.9243677572],"iteration":300,"passed_time":1.041792244,"remaining_time":2.419311556},
{"learn":[0.9219179345],"iteration":301,"passed_time":1.045619992,"remaining_time":2.416697862},
{"learn":[0.9177426844],"iteration":302,"passed_time":1.049900689,"remaining_time":2.415118087},
{"learn":[0.9129585176],"iteration":303,"passed_time":1.053181742,"remaining_time":2.411231883},
{"learn":[0.9108542138],"iteration":304,"passed_time":1.055676246,"remaining_time":2.405557346},
{"learn":[0.9089673734],"iteration":305,"passed_time":1.058869493,"remaining_time":2.401488327},
{"learn":[0.9071701754],"iteration":306,"passed_time":1.062787995,"remaining_time":2.399062151},
{"learn":[0.9037223242],"iteration":307,"passed_time":1.065624138,"remaining_time":2.394194492},
{"learn":[0.9022771998],"iteration":308,"passed_time":1.067591189,"remaining_time":2.387396479},
{"learn":[0.8991547295],"iteration":309,"passed_time":1.069865664,"remaining_time":2.381313898},
{"learn":[0.8960572227],"iteration":310,"passed_time":1.07200701,"remaining_time":2.374960868},
{"learn":[0.8919763139],"iteration":311,"passed_time":1.074119762,"remaining_time":2.368571783},
{"learn":[0.887775891],"iteration":312,"passed_time":1.075922285,"remaining_time":2.361529105},
{"learn":[0.8822232262],"iteration":313,"passed_time":1.077472292,"remaining_time":2.353968129},
{"learn":[0.8799873563],"iteration":314,"passed_time":1.079233303,"remaining_time":2.346904167},
{"learn":[0.8761774738],"iteration":315,"passed_time":1.081175026,"remaining_time":2.34026493},
{"learn":[0.873345535],"iteration":316,"passed_time":1.082731595,"remaining_time":2.332825486},
{"learn":[0.8690006292],"iteration":317,"passed_time":1.084315475,"remaining_time":2.325481616},
{"learn":[0.8673873294],"iteration":318,"passed_time":1.08589395,"remaining_time":2.318162319},
{"learn":[0.8623360424],"iteration":319,"passed_time":1.08790402,"remaining_time":2.311796043},
{"learn":[0.8602540247],"iteration":320,"passed_time":1.089457481,"remaining_time":2.304491057},
{"learn":[0.859316212],"iteration":321,"passed_time":1.09104344,"remaining_time":2.297290226},
{"learn":[0.8554283025],"iteration":322,"passed_time":1.092599413,"remaining_time":2.290061308},
{"learn":[0.8541511579],"iteration":323,"passed_time":1.09447806,"remaining_time":2.283540643},
{"learn":[0.8527262968],"iteration":324,"passed_time":1.097528715,"remaining_time":2.279482715},
{"learn":[0.8516477415],"iteration":325,"passed_time":1.100631964,"remaining_time":2.275539704},
{"learn":[0.8482939782],"iteration":326,"passed_time":1.102411161,"remaining_time":2.268876794},
{"learn":[0.8469075288],"iteration":327,"passed_time":1.104792785,"remaining_time":2.263477902},
{"learn":[0.8460732575],"iteration":328,"passed_time":1.108175514,"remaining_time":2.260139119},
{"learn":[0.8435679876],"iteration":329,"passed_time":1.112304424,"remaining_time":2.258315043},
{"learn":[0.841619088],"iteration":330,"passed_time":1.114993378,"remaining_time":2.253566676},
{"learn":[0.8369725179],"iteration":331,"passed_time":1.117445951,"remaining_time":2.248355106},
{"learn":[0.8362441152],"iteration":332,"passed_time":1.120676615,"remaining_time":2.244718625},
{"learn":[0.8353525349],"iteration":333,"passed_time":1.125186074,"remaining_time":2.243634507},
{"learn":[0.8312048306],"iteration":334,"passed_time":1.129370966,"remaining_time":2.241885648},
{"learn":[0.8302982119],"iteration":335,"passed_time":1.132561239,"remaining_time":2.238156734},
{"learn":[0.8251473436],"iteration":336,"passed_time":1.136926569,"remaining_time":2.236742775},
{"learn":[0.8232222141],"iteration":337,"passed_time":1.14105719,"remaining_time":2.234851657},
{"learn":[0.8212888021],"iteration":338,"passed_time":1.145304804,"remaining_time":2.233175444},
{"learn":[0.8169994636],"iteration":339,"passed_time":1.149612106,"remaining_time":2.23159997},
{"learn":[0.8154761192],"iteration":340,"passed_time":1.153546733,"remaining_time":2.229288262},
{"learn":[0.8135706113],"iteration":341,"passed_time":1.157956554,"remaining_time":2.227881323},
{"learn":[0.8105325218],"iteration":342,"passed_time":1.160774316,"remaining_time":2.223407362},
{"learn":[0.8096683272],"iteration":343,"passed_time":1.163029799,"remaining_time":2.21787078},
{"learn":[0.8056573873],"iteration":344,"passed_time":1.16624246,"remaining_time":2.214170467},
{"learn":[0.8044250717],"iteration":345,"passed_time":1.169664191,"remaining_time":2.210868154},
{"learn":[0.8005266483],"iteration":346,"passed_time":1.17124827,"remaining_time":2.204106974},
{"learn":[0.7989788355],"iteration":347,"passed_time":1.175524604,"remaining_time":2.20241966},
{"learn":[0.7947740217],"iteration":348,"passed_time":1.178525471,"remaining_time":2.198338343},
{"learn":[0.7907881048],"iteration":349,"passed_time":1.18090472,"remaining_time":2.193108765},
{"learn":[0.7886360204],"iteration":350,"passed_time":1.18486252,"remaining_time":2.190814175},
{"learn":[0.7847886265],"iteration":351,"passed_time":1.188290265,"remaining_time":2.187534352},
{"learn":[0.7826725317],"iteration":352,"passed_time":1.192090638,"remaining_time":2.184936665},
{"learn":[0.7806874968],"iteration":353,"passed_time":1.194176593,"remaining_time":2.179203614},
{"learn":[0.7784393531],"iteration":354,"passed_time":1.197776223,"remaining_time":2.176241306},
{"learn":[0.7741871752],"iteration":355,"passed_time":1.200573892,"remaining_time":2.171824682},
{"learn":[0.7734275471],"iteration":356,"passed_time":1.202179431,"remaining_time":2.165269956},
{"learn":[0.770909299],"iteration":357,"passed_time":1.204413008,"remaining_time":2.159869137},
{"learn":[0.7658466307],"iteration":358,"passed_time":1.207795633,"remaining_time":2.156537606},
{"learn":[0.7639126861],"iteration":359,"passed_time":1.211664377,"remaining_time":2.154070003},
{"learn":[0.7601579422],"iteration":360,"passed_time":1.21560332,"remaining_time":2.151718896},
{"learn":[0.7576142321],"iteration":361,"passed_time":1.217962581,"remaining_time":2.146574935},
{"learn":[0.7541060173],"iteration":362,"passed_time":1.221782617,"remaining_time":2.144009716},
{"learn":[0.7507684692],"iteration":363,"passed_time":1.225517935,"remaining_time":2.141289578},
{"learn":[0.7474052382],"iteration":364,"passed_time":1.228862099,"remaining_time":2.137883377},
{"learn":[0.7460816003],"iteration":365,"passed_time":1.23260627,"remaining_time":2.135170424},
{"learn":[0.7446909055],"iteration":366,"passed_time":1.235059395,"remaining_time":2.130225059},
{"learn":[0.743812672],"iteration":367,"passed_time":1.237341378,"remaining_time":2.124999324},
{"learn":[0.7422077248],"iteration":368,"passed_time":1.239394844,"remaining_time":2.119398772},
{"learn":[0.7389861059],"iteration":369,"passed_time":1.241767224,"remaining_time":2.114360408},
{"learn":[0.7370838406],"iteration":370,"passed_time":1.243927776,"remaining_time":2.108977281},
{"learn":[0.7357170363],"iteration":371,"passed_time":1.245662139,"remaining_time":2.102891998},
{"learn":[0.7340928408],"iteration":372,"passed_time":1.248512733,"remaining_time":2.09870639},
{"learn":[0.7327951088],"iteration":373,"passed_time":1.252491912,"remaining_time":2.096416943},
{"learn":[0.7298551029],"iteration":374,"passed_time":1.256146365,"remaining_time":2.093577275},
{"learn":[0.7268899524],"iteration":375,"passed_time":1.258658694,"remaining_time":2.088837833},
{"learn":[0.7252502287],"iteration":376,"passed_time":1.260254503,"remaining_time":2.082595638},
{"learn":[0.7240346522],"iteration":377,"passed_time":1.261841074,"remaining_time":2.076362825},
{"learn":[0.7207419215],"iteration":378,"passed_time":1.265496778,"remaining_time":2.073544853},
{"learn":[0.7178377979],"iteration":379,"passed_time":1.268133752,"remaining_time":2.069060333},
{"learn":[0.7155082953],"iteration":380,"passed_time":1.270127963,"remaining_time":2.063541231},
{"learn":[0.7145206675],"iteration":381,"passed_time":1.271756021,"remaining_time":2.057448222},
{"learn":[0.7125035355],"iteration":382,"passed_time":1.275541359,"remaining_time":2.054853835},
{"learn":[0.7111670146],"iteration":383,"passed_time":1.278639715,"remaining_time":2.05115121},
{"learn":[0.7080226926],"iteration":384,"passed_time":1.281686108,"remaining_time":2.047368718},
{"learn":[0.7052816667],"iteration":385,"passed_time":1.284800424,"remaining_time":2.043698083},
{"learn":[0.7035231784],"iteration":386,"passed_time":1.288317889,"remaining_time":2.040668905},
{"learn":[0.7029352065],"iteration":387,"passed_time":1.289861822,"remaining_time":2.034524317},
{"learn":[0.7016192266],"iteration":388,"passed_time":1.292683059,"remaining_time":2.030409638},
{"learn":[0.7010659088],"iteration":389,"passed_time":1.296529678,"remaining_time":2.027905394},
{"learn":[0.6991541418],"iteration":390,"passed_time":1.299895137,"remaining_time":2.024644855},
{"learn":[0.6985041501],"iteration":391,"passed_time":1.303264078,"remaining_time":2.021389182},
{"learn":[0.6979102895],"iteration":392,"passed_time":1.306429318,"remaining_time":2.017818311},
{"learn":[0.6961269528],"iteration":393,"passed_time":1.309882853,"remaining_time":2.014692916},
{"learn":[0.6922442587],"iteration":394,"passed_time":1.311674033,"remaining_time":2.009019721},
{"learn":[0.6916335713],"iteration":395,"passed_time":1.313256415,"remaining_time":2.003047663},
{"learn":[0.6910789378],"iteration":396,"passed_time":1.314776789,"remaining_time":1.997003535},
{"learn":[0.688121635],"iteration":397,"passed_time":1.316289573,"remaining_time":1.99097066},
{"learn":[0.6869013853],"iteration":398,"passed_time":1.317843045,"remaining_time":1.985021729},
{"learn":[0.6841000342],"iteration":399,"passed_time":1.321385763,"remaining_time":1.982078645},
{"learn":[0.6828985354],"iteration":400,"passed_time":1.323431694,"remaining_time":1.97689672},
{"learn":[0.6809327588],"iteration":401,"passed_time":1.327197923,"remaining_time":1.974289448},
{"learn":[0.6794024281],"iteration":402,"passed_time":1.328746002,"remaining_time":1.96839048},
{"learn":[0.6768515342],"iteration":403,"passed_time":1.33187156,"remaining_time":1.964840223},
{"learn":[0.6748722566],"iteration":404,"passed_time":1.333423365,"remaining_time":1.958980006},
{"learn":[0.6743982858],"iteration":405,"passed_time":1.336149644,"remaining_time":1.954859331},
{"learn":[0.6713106179],"iteration":406,"passed_time":1.339836544,"remaining_time":1.952145136},
{"learn":[0.6676101447],"iteration":407,"passed_time":1.344049225,"remaining_time":1.950189071},
{"learn":[0.665715086],"iteration":408,"passed_time":1.34825853,"remaining_time":1.948217093},
{"learn":[0.6649818274],"iteration":409,"passed_time":1.351992286,"remaining_time":1.945549875},
{"learn":[0.6631289652],"iteration":410,"passed_time":1.353854161,"remaining_time":1.940194893},
{"learn":[0.6619509594],"iteration":411,"passed_time":1.356091395,"remaining_time":1.935392574},
{"learn":[0.6587668566],"iteration":412,"passed_time":1.357661267,"remaining_time":1.929654149},
{"learn":[0.6550159954],"iteration":413,"passed_time":1.36071693,"remaining_time":1.926038939},
{"learn":[0.654462997],"iteration":414,"passed_time":1.362820631,"remaining_time":1.921084505},
{"learn":[0.6526706019],"iteration":415,"passed_time":1.364314053,"remaining_time":1.915287037},
{"learn":[0.6496771574],"iteration":416,"passed_time":1.365800415,"remaining_time":1.90950034},
{"learn":[0.6477294907],"iteration":417,"passed_time":1.367478252,"remaining_time":1.904000819},
{"learn":[0.6468822343],"iteration":418,"passed_time":1.36904546,"remaining_time":1.898366139},
{"learn":[0.6460724442],"iteration":419,"passed_time":1.370575838,"remaining_time":1.892699966},
{"learn":[0.6430591326],"iteration":420,"passed_time":1.372097223,"remaining_time":1.887041073},
{"learn":[0.6423988362],"iteration":421,"passed_time":1.373644729,"remaining_time":1.881437567},
{"learn":[0.6394089576],"iteration":422,"passed_time":1.375325541,"remaining_time":1.876035077},
{"learn":[0.6388449181],"iteration":423,"passed_time":1.378700482,"remaining_time":1.872951598},
{"learn":[0.6384415602],"iteration":424,"passed_time":1.382579019,"remaining_time":1.870548085},
{"learn":[0.6349876004],"iteration":425,"passed_time":1.38451779,"remaining_time":1.865523971},
{"learn":[0.6334449735],"iteration":426,"passed_time":1.387535597,"remaining_time":1.861962288},
{"learn":[0.6309692526],"iteration":427,"passed_time":1.390245728,"remaining_time":1.857991955},
{"learn":[0.6283519863],"iteration":428,"passed_time":1.392293172,"remaining_time":1.853145458},
{"learn":[0.6268252949],"iteration":429,"passed_time":1.393986743,"remaining_time":1.847842892},
{"learn":[0.6251171628],"iteration":430,"passed_time":1.396383601,"remaining_time":1.843485543},
{"learn":[0.6242561492],"iteration":431,"passed_time":1.399735044,"remaining_time":1.840392372},
{"learn":[0.6213494317],"iteration":432,"passed_time":1.401228138,"remaining_time":1.83486456},
{"learn":[0.6206819917],"iteration":433,"passed_time":1.402745576,"remaining_time":1.829387088},
{"learn":[0.620226698],"iteration":434,"passed_time":1.404497446,"remaining_time":1.824232315},
{"learn":[0.6184589962],"iteration":435,"passed_time":1.406190858,"remaining_time":1.819017532},
{"learn":[0.6158206886],"iteration":436,"passed_time":1.409539307,"remaining_time":1.815951098},
{"learn":[0.6152449559],"iteration":437,"passed_time":1.411314012,"remaining_time":1.810864097},
{"learn":[0.6136973052],"iteration":438,"passed_time":1.413068064,"remaining_time":1.805765794},
{"learn":[0.6123930417],"iteration":439,"passed_time":1.416481247,"remaining_time":1.802794314},
{"learn":[0.6105709693],"iteration":440,"passed_time":1.420391077,"remaining_time":1.800450368},
{"learn":[0.6075646919],"iteration":441,"passed_time":1.421902855,"remaining_time":1.79507193},
{"learn":[0.6060584269],"iteration":442,"passed_time":1.424747197,"remaining_time":1.791386431},
{"learn":[0.6031436154],"iteration":443,"passed_time":1.426483148,"remaining_time":1.786316735},
{"learn":[0.6021963664],"iteration":444,"passed_time":1.429239384,"remaining_time":1.782534512},
{"learn":[0.599680733],"iteration":445,"passed_time":1.432146331,"remaining_time":1.778944097},
{"learn":[0.5967716459],"iteration":446,"passed_time":1.433765567,"remaining_time":1.773763666},
{"learn":[0.5958893842],"iteration":447,"passed_time":1.436159204,"remaining_time":1.769553305},
{"learn":[0.5935451171],"iteration":448,"passed_time":1.440453808,"remaining_time":1.767683849},
{"learn":[0.5927228262],"iteration":449,"passed_time":1.444314431,"remaining_time":1.765273193},
{"learn":[0.5911343534],"iteration":450,"passed_time":1.44809596,"remaining_time":1.762759827},
{"learn":[0.5906722099],"iteration":451,"passed_time":1.452423291,"remaining_time":1.760902574},
{"learn":[0.5902037159],"iteration":452,"passed_time":1.456577318,"remaining_time":1.75882515},
{"learn":[0.5889414506],"iteration":453,"passed_time":1.458505965,"remaining_time":1.75406224},
{"learn":[0.5879743485],"iteration":454,"passed_time":1.460661514,"remaining_time":1.749583572},
{"learn":[0.587181114],"iteration":455,"passed_time":1.462700074,"remaining_time":1.744975527},
{"learn":[0.5857837431],"iteration":456,"passed_time":1.466395868,"remaining_time":1.742347825},
{"learn":[0.5839263637],"iteration":457,"passed_time":1.470803387,"remaining_time":1.74055772},
{"learn":[0.583040643],"iteration":458,"passed_time":1.473527645,"remaining_time":1.736772235},
{"learn":[0.5800648326],"iteration":459,"passed_time":1.477749265,"remaining_time":1.734749137},
{"learn":[0.5793740684],"iteration":460,"passed_time":1.480769223,"remaining_time":1.731311521},
{"learn":[0.5791102278],"iteration":461,"passed_time":1.484793042,"remaining_time":1.729044711},
{"learn":[0.5762882329],"iteration":462,"passed_time":1.487248321,"remaining_time":1.724951076},
{"learn":[0.573133796],"iteration":463,"passed_time":1.488832751,"remaining_time":1.719858523},
{"learn":[0.5704987874],"iteration":464,"passed_time":1.490474789,"remaining_time":1.714847338},
{"learn":[0.5694968095],"iteration":465,"passed_time":1.492024732,"remaining_time":1.709745079},
{"learn":[0.5667905788],"iteration":466,"passed_time":1.495466098,"remaining_time":1.706816767},
{"learn":[0.5645893987],"iteration":467,"passed_time":1.497750124,"remaining_time":1.702570654},
{"learn":[0.5634079864],"iteration":468,"passed_time":1.501150735,"remaining_time":1.6995971},
{"learn":[0.5618867685],"iteration":469,"passed_time":1.503053523,"remaining_time":1.694932696},
{"learn":[0.5594625233],"iteration":470,"passed_time":1.50967918,"remaining_time":1.695584472},
{"learn":[0.5561783448],"iteration":471,"passed_time":1.514023595,"remaining_time":1.693653513},
{"learn":[0.5557799187],"iteration":472,"passed_time":1.516477935,"remaining_time":1.689606494},
{"learn":[0.5536457573],"iteration":473,"passed_time":1.519256811,"remaining_time":1.685926334},
{"learn":[0.5533493711],"iteration":474,"passed_time":1.523670495,"remaining_time":1.684056863},
{"learn":[0.5523063369],"iteration":475,"passed_time":1.526478875,"remaining_time":1.680409518},
{"learn":[0.55188598],"iteration":476,"passed_time":1.528101244,"remaining_time":1.675465305},
{"learn":[0.5516305351],"iteration":477,"passed_time":1.529678641,"remaining_time":1.67048588},
{"learn":[0.5511431664],"iteration":478,"passed_time":1.534119513,"remaining_time":1.668635211},
{"learn":[0.5507159185],"iteration":479,"passed_time":1.537304631,"remaining_time":1.66541335},
{"learn":[0.5484804155],"iteration":480,"passed_time":1.539104025,"remaining_time":1.660696443},
{"learn":[0.5479320542],"iteration":481,"passed_time":1.540648961,"remaining_time":1.655718178},
{"learn":[0.5471324347],"iteration":482,"passed_time":1.544347491,"remaining_time":1.653059322},
{"learn":[0.5446955194],"iteration":483,"passed_time":1.546174969,"remaining_time":1.648401413},
{"learn":[0.5435468946],"iteration":484,"passed_time":1.548544254,"remaining_time":1.644330496},
{"learn":[0.5415980219],"iteration":485,"passed_time":1.55253637,"remaining_time":1.64198291},
{"learn":[0.5400390677],"iteration":486,"passed_time":1.55636379,"remaining_time":1.63945508},
{"learn":[0.5376078676],"iteration":487,"passed_time":1.559837973,"remaining_time":1.636551316},
{"learn":[0.5352502717],"iteration":488,"passed_time":1.562585373,"remaining_time":1.632885738},
{"learn":[0.5329606428],"iteration":489,"passed_time":1.566044359,"remaining_time":1.629964537},
{"learn":[0.5320264246],"iteration":490,"passed_time":1.567940153,"remaining_time":1.625420647},
{"learn":[0.5299210803],"iteration":491,"passed_time":1.569837383,"remaining_time":1.620889005},
{"learn":[0.528062511],"iteration":492,"passed_time":1.571403657,"remaining_time":1.616027696},
{"learn":[0.5258872044],"iteration":493,"passed_time":1.575507034,"remaining_time":1.61377846},
{"learn":[0.5255278631],"iteration":494,"passed_time":1.579122057,"remaining_time":1.611023512},
{"learn":[0.5233030303],"iteration":495,"passed_time":1.58165204,"remaining_time":1.607162557},
{"learn":[0.5215173183],"iteration":496,"passed_time":1.584651226,"remaining_time":1.603781824},
{"learn":[0.5207632334],"iteration":497,"passed_time":1.587243735,"remaining_time":1.599992681},
{"learn":[0.5184874532],"iteration":498,"passed_time":1.589607442,"remaining_time":1.595978614},
{"learn":[0.5173018032],"iteration":499,"passed_time":1.591493216,"remaining_time":1.591493216},
{"learn":[0.5164024747],"iteration":500,"passed_time":1.593394172,"remaining_time":1.587033317},
{"learn":[0.5158691647],"iteration":501,"passed_time":1.595183461,"remaining_time":1.582472836},
{"learn":[0.5150945514],"iteration":502,"passed_time":1.598227078,"remaining_time":1.579162739},
{"learn":[0.5130971611],"iteration":503,"passed_time":1.601780946,"remaining_time":1.576355852},
{"learn":[0.5106946356],"iteration":504,"passed_time":1.60364136,"remaining_time":1.571886086},
{"learn":[0.510438434],"iteration":505,"passed_time":1.605965689,"remaining_time":1.567879546},
{"learn":[0.5089055109],"iteration":506,"passed_time":1.608164423,"remaining_time":1.563757516},
{"learn":[0.5085518889],"iteration":507,"passed_time":1.610482645,"remaining_time":1.559758782},
{"learn":[0.5081395812],"iteration":508,"passed_time":1.614182862,"remaining_time":1.557099775},
{"learn":[0.5069241325],"iteration":509,"passed_time":1.617581569,"remaining_time":1.554146998},
{"learn":[0.5061432248],"iteration":510,"passed_time":1.621144894,"remaining_time":1.551350006},
{"learn":[0.5057889353],"iteration":511,"passed_time":1.624052892,"remaining_time":1.547925413},
{"learn":[0.5031092229],"iteration":512,"passed_time":1.627909152,"remaining_time":1.545403035},
{"learn":[0.5013313667],"iteration":513,"passed_time":1.63170765,"remaining_time":1.542820852},
{"learn":[0.4992997762],"iteration":514,"passed_time":1.635454815,"remaining_time":1.540185603},
{"learn":[0.4974021337],"iteration":515,"passed_time":1.637431536,"remaining_time":1.535885394},
{"learn":[0.4951758735],"iteration":516,"passed_time":1.639150815,"remaining_time":1.531353663},
{"learn":[0.4934207806],"iteration":517,"passed_time":1.641728012,"remaining_time":1.527631085},
{"learn":[0.4913639711],"iteration":518,"passed_time":1.644932342,"remaining_time":1.524494136},
{"learn":[0.4893528606],"iteration":519,"passed_time":1.647183618,"remaining_time":1.520477186},
{"learn":[0.4876624638],"iteration":520,"passed_time":1.648731014,"remaining_time":1.515819876},
{"learn":[0.4873686761],"iteration":521,"passed_time":1.650274938,"remaining_time":1.511171303},
{"learn":[0.486318871],"iteration":522,"passed_time":1.654537023,"remaining_time":1.50901369},
{"learn":[0.4861152749],"iteration":523,"passed_time":1.657644145,"remaining_time":1.50579888},
{"learn":[0.4857427183],"iteration":524,"passed_time":1.659195311,"remaining_time":1.50117671},
{"learn":[0.4837840508],"iteration":525,"passed_time":1.660752107,"remaining_time":1.49657129},
{"learn":[0.4829622798],"iteration":526,"passed_time":1.664679872,"remaining_time":1.494105464},
{"learn":[0.4819524434],"iteration":527,"passed_time":1.667666614,"remaining_time":1.490792882},
{"learn":[0.4814262159],"iteration":528,"passed_time":1.670877993,"remaining_time":1.48768154},
{"learn":[0.4794857906],"iteration":529,"passed_time":1.67511072,"remaining_time":1.485475544},
{"learn":[0.4789804818],"iteration":530,"passed_time":1.677558247,"remaining_time":1.481685156},
{"learn":[0.4783624509],"iteration":531,"passed_time":1.681602572,"remaining_time":1.479304518},
{"learn":[0.4763894638],"iteration":532,"passed_time":1.685202232,"remaining_time":1.476528034},
{"learn":[0.4757778189],"iteration":533,"passed_time":1.692609159,"remaining_time":1.477070914},
{"learn":[0.4744302442],"iteration":534,"passed_time":1.696845414,"remaining_time":1.474828257},
{"learn":[0.4735379046],"iteration":535,"passed_time":1.700840838,"remaining_time":1.472369681},
{"learn":[0.4718257863],"iteration":536,"passed_time":1.705085112,"remaining_time":1.470119939},
{"learn":[0.4714981583],"iteration":537,"passed_time":1.709066154,"remaining_time":1.467636735},
{"learn":[0.4703565999],"iteration":538,"passed_time":1.71081576,"remaining_time":1.463239453},
{"learn":[0.4681707142],"iteration":539,"passed_time":1.712775094,"remaining_time":1.459030636},
{"learn":[0.4659284713],"iteration":540,"passed_time":1.714617229,"remaining_time":1.454730699},
{"learn":[0.4655878791],"iteration":541,"passed_time":1.716390038,"remaining_time":1.450381249},
{"learn":[0.4637637502],"iteration":542,"passed_time":1.7198445,"remaining_time":1.447456605},
{"learn":[0.4618246736],"iteration":543,"passed_time":1.72234924,"remaining_time":1.443733922},
{"learn":[0.4603862169],"iteration":544,"passed_time":1.724438803,"remaining_time":1.439669092},
{"learn":[0.4593911724],"iteration":545,"passed_time":1.727623575,"remaining_time":1.436522167},
{"learn":[0.4584291183],"iteration":546,"passed_time":1.731290925,"remaining_time":1.433774752},
{"learn":[0.4564512433],"iteration":547,"passed_time":1.733793726,"remaining_time":1.430063438},
{"learn":[0.4547021615],"iteration":548,"passed_time":1.737601598,"remaining_time":1.427428635},
{"learn":[0.4522616827],"iteration":549,"passed_time":1.740898232,"remaining_time":1.424371281},
{"learn":[0.4519523023],"iteration":550,"passed_time":1.74452559,"remaining_time":1.421582559},
{"learn":[0.4505379698],"iteration":551,"passed_time":1.748266593,"remaining_time":1.418883032},
{"learn":[0.4498873364],"iteration":552,"passed_time":1.752440618,"remaining_time":1.416529758},
{"learn":[0.4483067883],"iteration":553,"passed_time":1.756440381,"remaining_time":1.414029621},
{"learn":[0.4474130661],"iteration":554,"passed_time":1.760284538,"remaining_time":1.411399314},
{"learn":[0.4459564769],"iteration":555,"passed_time":1.764506235,"remaining_time":1.40906613},
{"learn":[0.4456408867],"iteration":556,"passed_time":1.767121297,"remaining_time":1.405448356},
{"learn":[0.4441177837],"iteration":557,"passed_time":1.771420181,"remaining_time":1.403167957},
{"learn":[0.4428835178],"iteration":558,"passed_time":1.774608116,"remaining_time":1.400003898},
{"learn":[0.4409390486],"iteration":559,"passed_time":1.777123002,"remaining_time":1.39631093},
{"learn":[0.4396108024],"iteration":560,"passed_time":1.779431938,"remaining_time":1.392461},
{"learn":[0.4379442635],"iteration":561,"passed_time":1.782953111,"remaining_time":1.389561321},
{"learn":[0.4362408354],"iteration":562,"passed_time":1.784816423,"remaining_time":1.385372606},
{"learn":[0.4342279109],"iteration":563,"passed_time":1.788267522,"remaining_time":1.382419574},
{"learn":[0.4339104447],"iteration":564,"passed_time":1.792266336,"remaining_time":1.379886471},
{"learn":[0.4319902686],"iteration":565,"passed_time":1.794220087,"remaining_time":1.375780067},
{"learn":[0.430988984],"iteration":566,"passed_time":1.795888121,"remaining_time":1.371463063},
{"learn":[0.4302740838],"iteration":567,"passed_time":1.797978115,"remaining_time":1.367476313},
{"learn":[0.4295202673],"iteration":568,"passed_time":1.801583965,"remaining_time":1.364644444},
{"learn":[0.4280446669],"iteration":569,"passed_time":1.803667527,"remaining_time":1.360661468},
{"learn":[0.4265914602],"iteration":570,"passed_time":1.805541168,"remaining_time":1.356527427},
{"learn":[0.4247297467],"iteration":571,"passed_time":1.807224439,"remaining_time":1.352258846},
{"learn":[0.4245099124],"iteration":572,"passed_time":1.811363725,"remaining_time":1.349829512},
{"learn":[0.4234419224],"iteration":573,"passed_time":1.815339396,"remaining_time":1.347272792},
{"learn":[0.4222414465],"iteration":574,"passed_time":1.81698317,"remaining_time":1.342987561},
{"learn":[0.4213799739],"iteration":575,"passed_time":1.819749206,"remaining_time":1.33953761},
{"learn":[0.4211741785],"iteration":576,"passed_time":1.82356757,"remaining_time":1.336861494},
{"learn":[0.4199245445],"iteration":577,"passed_time":1.827123145,"remaining_time":1.333989563},
{"learn":[0.4196415716],"iteration":578,"passed_time":1.829081708,"remaining_time":1.329954057},
{"learn":[0.4183239601],"iteration":579,"passed_time":1.830973925,"remaining_time":1.32587767},
{"learn":[0.416813326],"iteration":580,"passed_time":1.833439874,"remaining_time":1.322222559},
{"learn":[0.4166077671],"iteration":581,"passed_time":1.837504096,"remaining_time":1.319719436},
{"learn":[0.416405541],"iteration":582,"passed_time":1.841623132,"remaining_time":1.317250164},
{"learn":[0.4161238891],"iteration":583,"passed_time":1.844812691,"remaining_time":1.31411315},
{"learn":[0.414423788],"iteration":584,"passed_time":1.848542151,"remaining_time":1.311358962},
{"learn":[0.4133077734],"iteration":585,"passed_time":1.850829756,"remaining_time":1.307582797},
{"learn":[0.4126550728],"iteration":586,"passed_time":1.852529357,"remaining_time":1.303397997},
{"learn":[0.4124522562],"iteration":587,"passed_time":1.854057761,"remaining_time":1.299101697},
{"learn":[0.4112829845],"iteration":588,"passed_time":1.855814332,"remaining_time":1.294974007},
{"learn":[0.4108397933],"iteration":589,"passed_time":1.857405183,"remaining_time":1.290739195},
{"learn":[0.4105758959],"iteration":590,"passed_time":1.859121616,"remaining_time":1.286600238},
{"learn":[0.4095182491],"iteration":591,"passed_time":1.860908103,"remaining_time":1.282517747},
{"learn":[0.4081763664],"iteration":592,"passed_time":1.864998275,"remaining_time":1.280024111},
{"learn":[0.4080183918],"iteration":593,"passed_time":1.868715998,"remaining_time":1.277270531},
{"learn":[0.4078599126],"iteration":594,"passed_time":1.872573725,"remaining_time":1.274609006},
{"learn":[0.4076186708],"iteration":595,"passed_time":1.876190984,"remaining_time":1.271780466},
{"learn":[0.4061501173],"iteration":596,"passed_time":1.879287839,"remaining_time":1.268597989},
{"learn":[0.4043224527],"iteration":597,"passed_time":1.883537534,"remaining_time":1.266190784},
{"learn":[0.402547887],"iteration":598,"passed_time":1.885369204,"remaining_time":1.262158683},
{"learn":[0.402323638],"iteration":599,"passed_time":1.889403762,"remaining_time":1.259602508},
{"learn":[0.4014188736],"iteration":600,"passed_time":1.891410832,"remaining_time":1.255695378},
{"learn":[0.4012392699],"iteration":601,"passed_time":1.894887835,"remaining_time":1.252766376},
{"learn":[0.4009747159],"iteration":602,"passed_time":1.898900673,"remaining_time":1.250188337},
{"learn":[0.4007761791],"iteration":603,"passed_time":1.902620535,"remaining_time":1.247413463},
{"learn":[0.4005060493],"iteration":604,"passed_time":1.90521524,"remaining_time":1.243900859},
{"learn":[0.3998325376],"iteration":605,"passed_time":1.909482924,"remaining_time":1.241478997},
{"learn":[0.3990824449],"iteration":606,"passed_time":1.91324459,"remaining_time":1.238723433},
{"learn":[0.397780417],"iteration":607,"passed_time":1.916537507,"remaining_time":1.23566234},
{"learn":[0.395838149],"iteration":608,"passed_time":1.920460337,"remaining_time":1.233004912},
{"learn":[0.395634806],"iteration":609,"passed_time":1.922027969,"remaining_time":1.228837554},
{"learn":[0.3942512787],"iteration":610,"passed_time":1.923720388,"remaining_time":1.224758152},
{"learn":[0.3935439787],"iteration":611,"passed_time":1.927180176,"remaining_time":1.22180704},
{"learn":[0.3933037559],"iteration":612,"passed_time":1.928717973,"remaining_time":1.217640873},
{"learn":[0.3918695964],"iteration":613,"passed_time":1.930272771,"remaining_time":1.213493957},
{"learn":[0.3901835061],"iteration":614,"passed_time":1.934165928,"remaining_time":1.210819321},
{"learn":[0.3892415216],"iteration":615,"passed_time":1.938239845,"remaining_time":1.20825341},
{"learn":[0.3890561559],"iteration":616,"passed_time":1.942214577,"remaining_time":1.205621042},
{"learn":[0.3881801395],"iteration":617,"passed_time":1.94424261,"remaining_time":1.201781031},
{"learn":[0.3874488967],"iteration":618,"passed_time":1.947087337,"remaining_time":1.198449556},
{"learn":[0.3862064967],"iteration":619,"passed_time":1.949616863,"remaining_time":1.194926464},
{"learn":[0.386075309],"iteration":620,"passed_time":1.951445006,"remaining_time":1.190978514},
{"learn":[0.3842300126],"iteration":621,"passed_time":1.954193611,"remaining_time":1.187596761},
{"learn":[0.3830325872],"iteration":622,"passed_time":1.958313148,"remaining_time":1.18504664},
{"learn":[0.3813171645],"iteration":623,"passed_time":1.962489226,"remaining_time":1.182525559},
{"learn":[0.3810009752],"iteration":624,"passed_time":1.965521989,"remaining_time":1.179313194},
{"learn":[0.3807832674],"iteration":625,"passed_time":1.969537264,"remaining_time":1.176688397},
{"learn":[0.3796220014],"iteration":626,"passed_time":1.971515225,"remaining_time":1.172847175},
{"learn":[0.3794055876],"iteration":627,"passed_time":1.973797907,"remaining_time":1.169192391},
{"learn":[0.3792251086],"iteration":628,"passed_time":1.975363669,"remaining_time":1.165119112},
{"learn":[0.3788749662],"iteration":629,"passed_time":1.978776193,"remaining_time":1.162138399},
{"learn":[0.3778780026],"iteration":630,"passed_time":1.982046142,"remaining_time":1.159072942},
{"learn":[0.3777024909],"iteration":631,"passed_time":1.986045046,"remaining_time":1.156431293},
{"learn":[0.377461224],"iteration":632,"passed_time":1.987847541,"remaining_time":1.152511924},
{"learn":[0.3762751381],"iteration":633,"passed_time":1.991405433,"remaining_time":1.1496126},
{"learn":[0.3749459541],"iteration":634,"passed_time":1.99525658,"remaining_time":1.146879766},
{"learn":[0.3747755692],"iteration":635,"passed_time":1.997066203,"remaining_time":1.142974997},
{"learn":[0.3730227715],"iteration":636,"passed_time":1.999658443,"remaining_time":1.139522786},
{"learn":[0.3715392441],"iteration":637,"passed_time":2.002528332,"remaining_time":1.136230809},
{"learn":[0.3713116994],"iteration":638,"passed_time":2.006216271,"remaining_time":1.133402306},
{"learn":[0.3707545977],"iteration":639,"passed_time":2.007968754,"remaining_time":1.129482424},
{"learn":[0.3698887759],"iteration":640,"passed_time":2.010310191,"remaining_time":1.125899155},
{"learn":[0.3682511215],"iteration":641,"passed_time":2.014379611,"remaining_time":1.123283334},
{"learn":[0.3669377351],"iteration":642,"passed_time":2.017588231,"remaining_time":1.120185067},
{"learn":[0.3656087968],"iteration":643,"passed_time":2.021751906,"remaining_time":1.117614407},
{"learn":[0.3653838163],"iteration":644,"passed_time":2.02536941,"remaining_time":1.114738202},
{"learn":[0.3650987138],"iteration":645,"passed_time":2.02922691,"remaining_time":1.111991217},
{"learn":[0.3642191427],"iteration":646,"passed_time":2.033392015,"remaining_time":1.109408626},
{"learn":[0.3626450156],"iteration":647,"passed_time":2.037513315,"remaining_time":1.106797356},
{"learn":[0.3617656417],"iteration":648,"passed_time":2.03932731,"remaining_time":1.102933568},
{"learn":[0.360516546],"iteration":649,"passed_time":2.042731791,"remaining_time":1.099932503},
{"learn":[0.3595638011],"iteration":650,"passed_time":2.046556504,"remaining_time":1.097155484},
{"learn":[0.3594361082],"iteration":651,"passed_time":2.050387774,"remaining_time":1.09437875},
{"learn":[0.3578788576],"iteration":652,"passed_time":2.051944757,"remaining_time":1.090390246},
{"learn":[0.3566758996],"iteration":653,"passed_time":2.054668326,"remaining_time":1.087026362},
{"learn":[0.35650872],"iteration":654,"passed_time":2.057010612,"remaining_time":1.083463605},
{"learn":[0.3557223782],"iteration":655,"passed_time":2.060767337,"remaining_time":1.080646287},
{"learn":[0.3555451755],"iteration":656,"passed_time":2.064757289,"remaining_time":1.077947869},
{"learn":[0.3553898041],"iteration":657,"passed_time":2.067301407,"remaining_time":1.074494045},
{"learn":[0.3552453517],"iteration":658,"passed_time":2.071161612,"remaining_time":1.07172399},
{"learn":[0.35455621],"iteration":659,"passed_time":2.076488214,"remaining_time":1.069706049},
{"learn":[0.3534428944],"iteration":660,"passed_time":2.078248727,"remaining_time":1.065849196},
{"learn":[0.3523281034],"iteration":661,"passed_time":2.079955045,"remaining_time":1.061971005},
{"learn":[0.3512246881],"iteration":662,"passed_time":2.081667731,"remaining_time":1.058102602},
{"learn":[0.3504974898],"iteration":663,"passed_time":2.085200021,"remaining_time":1.055161456},
{"learn":[0.348867396],"iteration":664,"passed_time":2.08998038,"remaining_time":1.052847259},
{"learn":[0.3476776218],"iteration":665,"passed_time":2.093180788,"remaining_time":1.049733308},
{"learn":[0.3465503418],"iteration":666,"passed_time":2.095609756,"remaining_time":1.046233956},
{"learn":[0.3457132154],"iteration":667,"passed_time":2.09732483,"remaining_time":1.042382999},
{"learn":[0.3446897043],"iteration":668,"passed_time":2.100002608,"remaining_time":1.039014743},
{"learn":[0.3434494453],"iteration":669,"passed_time":2.102761134,"remaining_time":1.035688319},
{"learn":[0.3433316942],"iteration":670,"passed_time":2.104283262,"remaining_time":1.031757367},
{"learn":[0.3430466103],"iteration":671,"passed_time":2.107579267,"remaining_time":1.028699404},
{"learn":[0.3423794396],"iteration":672,"passed_time":2.109421131,"remaining_time":1.02493419},
{"learn":[0.3415394472],"iteration":673,"passed_time":2.111154229,"remaining_time":1.021122075},
{"learn":[0.3410396946],"iteration":674,"passed_time":2.113414128,"remaining_time":1.017569766},
{"learn":[0.3398041406],"iteration":675,"passed_time":2.115592706,"remaining_time":1.013982303},
{"learn":[0.3396432839],"iteration":676,"passed_time":2.117773202,"remaining_time":1.010399918},
{"learn":[0.3381284321],"iteration":677,"passed_time":2.119610561,"remaining_time":1.006658703},
{"learn":[0.3376351597],"iteration":678,"passed_time":2.121145652,"remaining_time":1.002780198},
{"learn":[0.3367976274],"iteration":679,"passed_time":2.12493346,"remaining_time":0.9999686869},
{"learn":[0.3355826411],"iteration":680,"passed_time":2.127677908,"remaining_time":0.9966655691},
{"learn":[0.3350221478],"iteration":681,"passed_time":2.12940302,"remaining_time":0.992888798},
{"learn":[0.3343770507],"iteration":682,"passed_time":2.132108491,"remaining_time":0.9895730478},
{"learn":[0.3335505139],"iteration":683,"passed_time":2.13624492,"remaining_time":0.9869201676},
{"learn":[0.3319612572],"iteration":684,"passed_time":2.14023728,"remaining_time":0.9841967055},
{"learn":[0.3315206116],"iteration":685,"passed_time":2.143811317,"remaining_time":0.9812780662},
{"learn":[0.3303634115],"iteration":686,"passed_time":2.147534079,"remaining_time":0.9784252791},
{"learn":[0.329563009],"iteration":687,"passed_time":2.150656873,"remaining_time":0.9752978841},
{"learn":[0.3289052663],"iteration":688,"passed_time":2.152620282,"remaining_time":0.9716471812},
{"learn":[0.3277708613],"iteration":689,"passed_time":2.155977963,"remaining_time":0.9686277806},
{"learn":[0.3268885137],"iteration":690,"passed_time":2.158680739,"remaining_time":0.9653145418},
{"learn":[0.3256775257],"iteration":691,"passed_time":2.161048656,"remaining_time":0.9618540262},
{"learn":[0.3252066225],"iteration":692,"passed_time":2.164646503,"remaining_time":0.9589415244},
{"learn":[0.3249464065],"iteration":693,"passed_time":2.166199475,"remaining_time":0.9551254171},
{"learn":[0.3248087834],"iteration":694,"passed_time":2.168212084,"remaining_time":0.9515175333},
{"learn":[0.3243034383],"iteration":695,"passed_time":2.172014834,"remaining_time":0.9486961344},
{"learn":[0.3228872041],"iteration":696,"passed_time":2.175821744,"remaining_time":0.9458737279},
{"learn":[0.3218327907],"iteration":697,"passed_time":2.177557927,"remaining_time":0.9421525701},
{"learn":[0.3216425058],"iteration":698,"passed_time":2.179997925,"remaining_time":0.9387401651},
{"learn":[0.3204905681],"iteration":699,"passed_time":2.181680799,"remaining_time":0.9350060565},
{"learn":[0.3195621145],"iteration":700,"passed_time":2.18561387,"remaining_time":0.9322375852},
{"learn":[0.3193791026],"iteration":701,"passed_time":2.188623087,"remaining_time":0.9290736183},
{"learn":[0.3182571726],"iteration":702,"passed_time":2.190356579,"remaining_time":0.9253711293},
{"learn":[0.3179908617],"iteration":703,"passed_time":2.19401785,"remaining_time":0.922484778},
{"learn":[0.3177932356],"iteration":704,"passed_time":2.197498217,"remaining_time":0.9195205305},
{"learn":[0.317593289],"iteration":705,"passed_time":2.199150014,"remaining_time":0.9157933487},
{"learn":[0.316553285],"iteration":706,"passed_time":2.20278642,"remaining_time":0.9128945135},
{"learn":[0.3151855959],"iteration":707,"passed_time":2.206509293,"remaining_time":0.9100292564},
{"learn":[0.3138651305],"iteration":708,"passed_time":2.208993508,"remaining_time":0.9066531886},
{"learn":[0.3127406508],"iteration":709,"passed_time":2.211688046,"remaining_time":0.90336554},
{"learn":[0.311546717],"iteration":710,"passed_time":2.214962803,"remaining_time":0.900315401},
{"learn":[0.31025362],"iteration":711,"passed_time":2.216982215,"remaining_time":0.8967568509},
{"learn":[0.3100839514],"iteration":712,"passed_time":2.220104883,"remaining_time":0.8936467061},
{"learn":[0.3099012083],"iteration":713,"passed_time":2.223719371,"remaining_time":0.8907335294},
{"learn":[0.3088775321],"iteration":714,"passed_time":2.22651577,"remaining_time":0.8874922999},
{"learn":[0.3080044519],"iteration":715,"passed_time":2.230393828,"remaining_time":0.8846813507},
{"learn":[0.3076633984],"iteration":716,"passed_time":2.232718093,"remaining_time":0.8812541428},
{"learn":[0.3074952874],"iteration":717,"passed_time":2.234346557,"remaining_time":0.8775567258},
{"learn":[0.3066645368],"iteration":718,"passed_time":2.235910119,"remaining_time":0.8738396987},
{"learn":[0.3056441565],"iteration":719,"passed_time":2.238107896,"remaining_time":0.870375293},
{"learn":[0.3050021356],"iteration":720,"passed_time":2.240716486,"remaining_time":0.8670733697},
{"learn":[0.3041937261],"iteration":721,"passed_time":2.244290728,"remaining_time":0.8641451834},
{"learn":[0.3040044458],"iteration":722,"passed_time":2.247007779,"remaining_time":0.8608867979},
{"learn":[0.3035409712],"iteration":723,"passed_time":2.248740973,"remaining_time":0.857254846},
{"learn":[0.3031443166],"iteration":724,"passed_time":2.252946519,"remaining_time":0.8545659208},
{"learn":[0.3028528878],"iteration":725,"passed_time":2.254461433,"remaining_time":0.8508573452},
{"learn":[0.3024627446],"iteration":726,"passed_time":2.25621916,"remaining_time":0.8472459845},
{"learn":[0.3015792415],"iteration":727,"passed_time":2.259396167,"remaining_time":0.8441699964},
{"learn":[0.3006244903],"iteration":728,"passed_time":2.261696234,"remaining_time":0.8407677357},
{"learn":[0.2997599836],"iteration":729,"passed_time":2.265381575,"remaining_time":0.8378808566},
{"learn":[0.2989181315],"iteration":730,"passed_time":2.268614381,"remaining_time":0.8348252647},
{"learn":[0.2982798121],"iteration":731,"passed_time":2.270448307,"remaining_time":0.8312570305},
{"learn":[0.2974169775],"iteration":732,"passed_time":2.273876214,"remaining_time":0.828274146},
{"learn":[0.2966087596],"iteration":733,"passed_time":2.27747785,"remaining_time":0.8253530082},
{"learn":[0.296441559],"iteration":734,"passed_time":2.280781563,"remaining_time":0.8223226044},
{"learn":[0.2956165342],"iteration":735,"passed_time":2.282990871,"remaining_time":0.8188988994},
{"learn":[0.2943981265],"iteration":736,"passed_time":2.285527045,"remaining_time":0.8155951326},
{"learn":[0.2932221226],"iteration":737,"passed_time":2.28702492,"remaining_time":0.8119248362},
{"learn":[0.2930417711],"iteration":738,"passed_time":2.288490442,"remaining_time":0.8082489922},
{"learn":[0.2928734563],"iteration":739,"passed_time":2.291841063,"remaining_time":0.8052414547},
{"learn":[0.2922886693],"iteration":740,"passed_time":2.294067268,"remaining_time":0.8018399762},
{"learn":[0.2914280739],"iteration":741,"passed_time":2.297836788,"remaining_time":0.79897829},
{"learn":[0.2909846944],"iteration":742,"passed_time":2.299871341,"remaining_time":0.7955140438},
{"learn":[0.2906086594],"iteration":743,"passed_time":2.303229185,"remaining_time":0.7925089668},
{"learn":[0.2902576802],"iteration":744,"passed_time":2.307103943,"remaining_time":0.7896798732},
{"learn":[0.2901764509],"iteration":745,"passed_time":2.310177368,"remaining_time":0.786575136},
{"learn":[0.2890790951],"iteration":746,"passed_time":2.312017228,"remaining_time":0.7830526889},
{"learn":[0.2889836985],"iteration":747,"passed_time":2.314261853,"remaining_time":0.7796711054},
{"learn":[0.2878401401],"iteration":748,"passed_time":2.316501003,"remaining_time":0.7762907232},
{"learn":[0.2873826728],"iteration":749,"passed_time":2.319579621,"remaining_time":0.7731932071},
{"learn":[0.2872934971],"iteration":750,"passed_time":2.321852093,"remaining_time":0.769828457},
{"learn":[0.286543798],"iteration":751,"passed_time":2.324280435,"remaining_time":0.766518016},
{"learn":[0.2859575132],"iteration":752,"passed_time":2.326902908,"remaining_time":0.7632735968},
{"learn":[0.2853407288],"iteration":753,"passed_time":2.330311594,"remaining_time":0.7602873371},
{"learn":[0.2845738045],"iteration":754,"passed_time":2.334212824,"remaining_time":0.7574597905},
{"learn":[0.2839029681],"iteration":755,"passed_time":2.336851172,"remaining_time":0.7542218067},
{"learn":[0.2824467259],"iteration":756,"passed_time":2.338416362,"remaining_time":0.7506409193},
{"learn":[0.2815345858],"iteration":757,"passed_time":2.341096279,"remaining_time":0.7474212394},
{"learn":[0.2811776992],"iteration":758,"passed_time":2.343939417,"remaining_time":0.7442548083},
{"learn":[0.2802966621],"iteration":759,"passed_time":2.346264643,"remaining_time":0.7409256768},
{"learn":[0.2801379013],"iteration":760,"passed_time":2.347815546,"remaining_time":0.7373559992},
{"learn":[0.2790543578],"iteration":761,"passed_time":2.349337777,"remaining_time":0.7337826652},
{"learn":[0.2786065485],"iteration":762,"passed_time":2.350872048,"remaining_time":0.7302184475},
{"learn":[0.2785203566],"iteration":763,"passed_time":2.352357638,"remaining_time":0.7266445061},
{"learn":[0.2779096763],"iteration":764,"passed_time":2.354033997,"remaining_time":0.7231346264},
{"learn":[0.2777732814],"iteration":765,"passed_time":2.355647592,"remaining_time":0.7196103609},
{"learn":[0.277344814],"iteration":766,"passed_time":2.357900409,"remaining_time":0.7162852611},
{"learn":[0.2766130704],"iteration":767,"passed_time":2.361606805,"remaining_time":0.7134020557},
{"learn":[0.275998551],"iteration":768,"passed_time":2.364038194,"remaining_time":0.7101337099},
{"learn":[0.2758647353],"iteration":769,"passed_time":2.366557753,"remaining_time":0.7068938742},
{"learn":[0.2750892592],"iteration":770,"passed_time":2.369273601,"remaining_time":0.7037142083},
{"learn":[0.274483117],"iteration":771,"passed_time":2.37288307,"remaining_time":0.7007996633},
{"learn":[0.2734387152],"iteration":772,"passed_time":2.375983629,"remaining_time":0.6977338729},
{"learn":[0.2727679127],"iteration":773,"passed_time":2.377675686,"remaining_time":0.6942567248},
{"learn":[0.2725507106],"iteration":774,"passed_time":2.381573932,"remaining_time":0.69142469},
{"learn":[0.2716996807],"iteration":775,"passed_time":2.38379809,"remaining_time":0.6881066652},
{"learn":[0.2710219683],"iteration":776,"passed_time":2.387674744,"remaining_time":0.6852657245},
{"learn":[0.2702845126],"iteration":777,"passed_time":2.391440084,"remaining_time":0.6823903581},
{"learn":[0.2698359955],"iteration":778,"passed_time":2.394562514,"remaining_time":0.6793303152},
{"learn":[0.2689119955],"iteration":779,"passed_time":2.396158765,"remaining_time":0.6758396518},
{"learn":[0.2683402175],"iteration":780,"passed_time":2.398320222,"remaining_time":0.6725123286},
{"learn":[0.267420574],"iteration":781,"passed_time":2.400642816,"remaining_time":0.6692329079},
{"learn":[0.2667307151],"iteration":782,"passed_time":2.402300298,"remaining_time":0.6657716024},
{"learn":[0.2666419058],"iteration":783,"passed_time":2.405308542,"remaining_time":0.6626870473},
{"learn":[0.2660481387],"iteration":784,"passed_time":2.406834742,"remaining_time":0.6591967763},
{"learn":[0.2655122816],"iteration":785,"passed_time":2.408398004,"remaining_time":0.6557215938},
{"learn":[0.2649905721],"iteration":786,"passed_time":2.41009713,"remaining_time":0.6522880415},
{"learn":[0.2641389954],"iteration":787,"passed_time":2.411741239,"remaining_time":0.6488440898},
{"learn":[0.2640574342],"iteration":788,"passed_time":2.413655679,"remaining_time":0.6454769941},
{"learn":[0.2638910981],"iteration":789,"passed_time":2.417292574,"remaining_time":0.6425714437},
{"learn":[0.2637649159],"iteration":790,"passed_time":2.419460088,"remaining_time":0.6392758009},
{"learn":[0.263180256],"iteration":791,"passed_time":2.421456558,"remaining_time":0.635938086},
{"learn":[0.2627037227],"iteration":792,"passed_time":2.423020744,"remaining_time":0.6324909129},
{"learn":[0.262191265],"iteration":793,"passed_time":2.425712446,"remaining_time":0.6293410123},
{"learn":[0.2614542387],"iteration":794,"passed_time":2.427561505,"remaining_time":0.6259749792},
{"learn":[0.2608242651],"iteration":795,"passed_time":2.431391088,"remaining_time":0.623120329},
{"learn":[0.2600570091],"iteration":796,"passed_time":2.434291328,"remaining_time":0.620026524},
{"learn":[0.2596604938],"iteration":797,"passed_time":2.437870338,"remaining_time":0.6171050229},
{"learn":[0.2589283458],"iteration":798,"passed_time":2.440412686,"remaining_time":0.6139210886},
{"learn":[0.2582849554],"iteration":799,"passed_time":2.444469266,"remaining_time":0.6111173164},
{"learn":[0.2576593903],"iteration":800,"passed_time":2.448771221,"remaining_time":0.6083713771},
{"learn":[0.2569847838],"iteration":801,"passed_time":2.453295232,"remaining_time":0.6056763791},
{"learn":[0.2563550618],"iteration":802,"passed_time":2.45638405,"remaining_time":0.6026247295},
{"learn":[0.2555254439],"iteration":803,"passed_time":2.458557401,"remaining_time":0.5993498142},
{"learn":[0.2547071717],"iteration":804,"passed_time":2.46014522,"remaining_time":0.5959357985},
{"learn":[0.2542626329],"iteration":805,"passed_time":2.461836357,"remaining_time":0.5925511828},
{"learn":[0.2533191264],"iteration":806,"passed_time":2.463430522,"remaining_time":0.5891475722},
{"learn":[0.2525777824],"iteration":807,"passed_time":2.464979048,"remaining_time":0.5857375957},
{"learn":[0.2517964914],"iteration":808,"passed_time":2.467123209,"remaining_time":0.5824728466},
{"learn":[0.2512829718],"iteration":809,"passed_time":2.471260196,"remaining_time":0.5796783177},
{"learn":[0.2512041713],"iteration":810,"passed_time":2.475439499,"remaining_time":0.5768903395},
{"learn":[0.2500815141],"iteration":811,"passed_time":2.479452645,"remaining_time":0.5740604645},
{"learn":[0.2497758771],"iteration":812,"passed_time":2.483640763,"remaining_time":0.5712679246},
{"learn":[0.2492142215],"iteration":813,"passed_time":2.485884496,"remaining_time":0.5680276613},
{"learn":[0.2486673026],"iteration":814,"passed_time":2.487623721,"remaining_time":0.5646753232},
{"learn":[0.248136635],"iteration":815,"passed_time":2.489225795,"remaining_time":0.5612960127},
{"learn":[0.2480158153],"iteration":816,"passed_time":2.490787438,"remaining_time":0.5579119966},
{"learn":[0.2472768081],"iteration":817,"passed_time":2.49257639,"remaining_time":0.5545830111},
{"learn":[0.2467031493],"iteration":818,"passed_time":2.494339237,"remaining_time":0.5512520169},
{"learn":[0.2461156738],"iteration":819,"passed_time":2.497501855,"remaining_time":0.5482321146},
{"learn":[0.2452802408],"iteration":820,"passed_time":2.50145193,"remaining_time":0.545383551},
{"learn":[0.2451819439],"iteration":821,"passed_time":2.503088741,"remaining_time":0.5420313819},
{"learn":[0.2445183095],"iteration":822,"passed_time":2.504976145,"remaining_time":0.5387372753},
{"learn":[0.2439416465],"iteration":823,"passed_time":2.506843458,"remaining_time":0.5354422919},
{"learn":[0.2431209652],"iteration":824,"passed_time":2.508575418,"remaining_time":0.5321220583},
{"learn":[0.2425604338],"iteration":825,"passed_time":2.510091449,"remaining_time":0.5287601841},
{"learn":[0.2418632267],"iteration":826,"passed_time":2.511745717,"remaining_time":0.5254316917},
{"learn":[0.2413367631],"iteration":827,"passed_time":2.513450376,"remaining_time":0.522117711},
{"learn":[0.2412650712],"iteration":828,"passed_time":2.514996785,"remaining_time":0.5187749701},
{"learn":[0.2406381132],"iteration":829,"passed_time":2.516543026,"remaining_time":0.5154365234},
{"learn":[0.2399899726],"iteration":830,"passed_time":2.518061203,"remaining_time":0.5120966828},
{"learn":[0.2398469248],"iteration":831,"passed_time":2.519623502,"remaining_time":0.5087701302},
{"learn":[0.2390823396],"iteration":832,"passed_time":2.521152392,"remaining_time":0.5054411158},
{"learn":[0.2384908608],"iteration":833,"passed_time":2.523620145,"remaining_time":0.5023032903},
{"learn":[0.2377955743],"iteration":834,"passed_time":2.525955348,"remaining_time":0.4991408772},
{"learn":[0.2367241285],"iteration":835,"passed_time":2.52902039,"remaining_time":0.4961236171},
{"learn":[0.2361829395],"iteration":836,"passed_time":2.53117792,"remaining_time":0.4929295113},
{"learn":[0.2360614378],"iteration":837,"passed_time":2.533672111,"remaining_time":0.4898029619},
{"learn":[0.2358879492],"iteration":838,"passed_time":2.536130744,"remaining_time":0.4866710962},
{"learn":[0.2355043458],"iteration":839,"passed_time":2.538174923,"remaining_time":0.4834618901},
{"learn":[0.2352473644],"iteration":840,"passed_time":2.53976967,"remaining_time":0.4801704845},
{"learn":[0.2351197372],"iteration":841,"passed_time":2.543580922,"remaining_time":0.4772990328},
{"learn":[0.2342926171],"iteration":842,"passed_time":2.547209167,"remaining_time":0.4743912683},
{"learn":[0.2335405441],"iteration":843,"passed_time":2.550198134,"remaining_time":0.4713636361},
{"learn":[0.2329648803],"iteration":844,"passed_time":2.553534408,"remaining_time":0.4683998027},
{"learn":[0.2324502028],"iteration":845,"passed_time":2.556654933,"remaining_time":0.4653958152},
{"learn":[0.2319278981],"iteration":846,"passed_time":2.560599838,"remaining_time":0.4625404666},
{"learn":[0.2311964055],"iteration":847,"passed_time":2.562384882,"remaining_time":0.4592954033},
{"learn":[0.2310618991],"iteration":848,"passed_time":2.565163025,"remaining_time":0.4562304085},
{"learn":[0.230958328],"iteration":849,"passed_time":2.568835705,"remaining_time":0.453323948},
{"learn":[0.2308158075],"iteration":850,"passed_time":2.571959486,"remaining_time":0.4503195809},
{"learn":[0.2306603405],"iteration":851,"passed_time":2.573529271,"remaining_time":0.4470449908},
{"learn":[0.2297614464],"iteration":852,"passed_time":2.575077404,"remaining_time":0.4437706664},
{"learn":[0.2291984042],"iteration":853,"passed_time":2.577359751,"remaining_time":0.4406259059},
{"learn":[0.2291120063],"iteration":854,"passed_time":2.579197326,"remaining_time":0.4374077337},
{"learn":[0.2286093135],"iteration":855,"passed_time":2.582271405,"remaining_time":0.4344007971},
{"learn":[0.2284612334],"iteration":856,"passed_time":2.586215179,"remaining_time":0.4315388221},
{"learn":[0.2276336258],"iteration":857,"passed_time":2.587802486,"remaining_time":0.4282843276},
{"learn":[0.2270018657],"iteration":858,"passed_time":2.589357672,"remaining_time":0.4250284421},
{"learn":[0.2264699726],"iteration":859,"passed_time":2.59094825,"remaining_time":0.4217822733},
{"learn":[0.2261247249],"iteration":860,"passed_time":2.593675896,"remaining_time":0.4187235187},
{"learn":[0.2260329763],"iteration":861,"passed_time":2.59725834,"remaining_time":0.4158023793},
{"learn":[0.2255593],"iteration":862,"passed_time":2.60127208,"remaining_time":0.4129481749},
{"learn":[0.2252878034],"iteration":863,"passed_time":2.604826035,"remaining_time":0.4100189129},
{"learn":[0.2250509891],"iteration":864,"passed_time":2.606381948,"remaining_time":0.4067763734},
{"learn":[0.2248599649],"iteration":865,"passed_time":2.608070794,"remaining_time":0.4035582984},
{"learn":[0.2241687669],"iteration":866,"passed_time":2.609639059,"remaining_time":0.4003252535},
{"learn":[0.2240618937],"iteration":867,"passed_time":2.611723535,"remaining_time":0.3971745468},
{"learn":[0.2234492664],"iteration":868,"passed_time":2.61358001,"remaining_time":0.3939919232},
{"learn":[0.2226519572],"iteration":869,"passed_time":2.617371681,"remaining_time":0.3911015155},
{"learn":[0.2225938007],"iteration":870,"passed_time":2.619247046,"remaining_time":0.3879252226},
{"learn":[0.2222746216],"iteration":871,"passed_time":2.622841286,"remaining_time":0.3850042255},
{"learn":[0.2214811737],"iteration":872,"passed_time":2.624930723,"remaining_time":0.3818627741},
{"learn":[0.2213394147],"iteration":873,"passed_time":2.626875288,"remaining_time":0.3787028448},
{"learn":[0.2209696082],"iteration":874,"passed_time":2.629666637,"remaining_time":0.3756666624},
{"learn":[0.2208734256],"iteration":875,"passed_time":2.633248061,"remaining_time":0.3727428763},
{"learn":[0.2202056475],"iteration":876,"passed_time":2.636489227,"remaining_time":0.3697698688},
{"learn":[0.2194321658],"iteration":877,"passed_time":2.639303517,"remaining_time":0.3667369352},
{"learn":[0.2189212263],"iteration":878,"passed_time":2.641413175,"remaining_time":0.3636075019},
{"learn":[0.2188217628],"iteration":879,"passed_time":2.64319759,"remaining_time":0.3604360349},
{"learn":[0.2184498433],"iteration":880,"passed_time":2.644938947,"remaining_time":0.3572619009},
{"learn":[0.21837365],"iteration":881,"passed_time":2.646606925,"remaining_time":0.3540811985},
{"learn":[0.2179242984],"iteration":882,"passed_time":2.648687332,"remaining_time":0.3509585706},
{"learn":[0.2175658459],"iteration":883,"passed_time":2.650377438,"remaining_time":0.3477870847},
{"learn":[0.2169276633],"iteration":884,"passed_time":2.652493038,"remaining_time":0.3446742366},
{"learn":[0.2161769412],"iteration":885,"passed_time":2.654704338,"remaining_time":0.3415759532},
{"learn":[0.2158843292],"iteration":886,"passed_time":2.657182829,"remaining_time":0.3385137088},
{"learn":[0.215220511],"iteration":887,"passed_time":2.659276444,"remaining_time":0.3354042362},
{"learn":[0.2148383132],"iteration":888,"passed_time":2.662513653,"remaining_time":0.3324398375},
{"learn":[0.2142617498],"iteration":889,"passed_time":2.665596278,"remaining_time":0.3294557198},
{"learn":[0.2140304611],"iteration":890,"passed_time":2.667819816,"remaining_time":0.326366285},
{"learn":[0.2139015282],"iteration":891,"passed_time":2.670265956,"remaining_time":0.3233057436},
{"learn":[0.2137844135],"iteration":892,"passed_time":2.67370777,"remaining_time":0.3203658806},
{"learn":[0.2127619957],"iteration":893,"passed_time":2.67568062,"remaining_time":0.3172507222},
{"learn":[0.212250234],"iteration":894,"passed_time":2.678732735,"remaining_time":0.3142647343},
{"learn":[0.2115686813],"iteration":895,"passed_time":2.680245364,"remaining_time":0.3110999083},
{"learn":[0.210956178],"iteration":896,"passed_time":2.681761031,"remaining_time":0.307939115},
{"learn":[0.2107996307],"iteration":897,"passed_time":2.683351002,"remaining_time":0.3047904256},
{"learn":[0.2103059557],"iteration":898,"passed_time":2.685458757,"remaining_time":0.3017033754},
{"learn":[0.2100108331],"iteration":899,"passed_time":2.689525451,"remaining_time":0.2988361613},
{"learn":[0.2096522053],"iteration":900,"passed_time":2.693481028,"remaining_time":0.2959540752},
{"learn":[0.2090134817],"iteration":901,"passed_time":2.69686229,"remaining_time":0.2930072111},
{"learn":[0.2084258468],"iteration":902,"passed_time":2.700718736,"remaining_time":0.290110429},
{"learn":[0.2080999648],"iteration":903,"passed_time":2.704719328,"remaining_time":0.2872268313},
{"learn":[0.207462298],"iteration":904,"passed_time":2.70852461,"remaining_time":0.284320263},
{"learn":[0.2071785289],"iteration":905,"passed_time":2.710913985,"remaining_time":0.2812648064},
{"learn":[0.20626448],"iteration":906,"passed_time":2.713284463,"remaining_time":0.278208881},
{"learn":[0.2057150367],"iteration":907,"passed_time":2.715969158,"remaining_time":0.2751863023},
{"learn":[0.2052644372],"iteration":908,"passed_time":2.719960276,"remaining_time":0.2722952531},
{"learn":[0.2051402605],"iteration":909,"passed_time":2.723820757,"remaining_time":0.2693888661},
{"learn":[0.2046089648],"iteration":910,"passed_time":2.726816073,"remaining_time":0.2663958622},
{"learn":[0.2040330787],"iteration":911,"passed_time":2.73081131,"remaining_time":0.2634993369},
{"learn":[0.2036027694],"iteration":912,"passed_time":2.732928055,"remaining_time":0.2604214028},
{"learn":[0.2033951929],"iteration":913,"passed_time":2.736765487,"remaining_time":0.2575074747},
{"learn":[0.2032137629],"iteration":914,"passed_time":2.739589399,"remaining_time":0.2544973759},
{"learn":[0.202902068],"iteration":915,"passed_time":2.742868592,"remaining_time":0.2515294342},
{"learn":[0.2026888429],"iteration":916,"passed_time":2.744928212,"remaining_time":0.248450427},
{"learn":[0.2026065265],"iteration":917,"passed_time":2.747014382,"remaining_time":0.2453760123},
{"learn":[0.2020001621],"iteration":918,"passed_time":2.751078298,"remaining_time":0.2424780655},
{"learn":[0.201308151],"iteration":919,"passed_time":2.755247312,"remaining_time":0.2395867228},
{"learn":[0.2008571947],"iteration":920,"passed_time":2.757686094,"remaining_time":0.2365441927},
{"learn":[0.2007842738],"iteration":921,"passed_time":2.759988881,"remaining_time":0.2334914671},
{"learn":[0.2002908995],"iteration":922,"passed_time":2.76199167,"remaining_time":0.2304153397},
{"learn":[0.1995548482],"iteration":923,"passed_time":2.763562217,"remaining_time":0.2273059832},
{"learn":[0.1989866309],"iteration":924,"passed_time":2.765300581,"remaining_time":0.2242135606},
{"learn":[0.1988888411],"iteration":925,"passed_time":2.767138185,"remaining_time":0.2211319932},
{"learn":[0.19825078],"iteration":926,"passed_time":2.770996446,"remaining_time":0.2182122336},
{"learn":[0.1981519004],"iteration":927,"passed_time":2.775050416,"remaining_time":0.2153056357},
{"learn":[0.197639861],"iteration":928,"passed_time":2.778450397,"remaining_time":0.2123465858},
{"learn":[0.197073457],"iteration":929,"passed_time":2.780852478,"remaining_time":0.2093114768},
{"learn":[0.1966200839],"iteration":930,"passed_time":2.784196369,"remaining_time":0.206347529},
{"learn":[0.1964135269],"iteration":931,"passed_time":2.786201694,"remaining_time":0.2032851021},
{"learn":[0.195625478],"iteration":932,"passed_time":2.787698563,"remaining_time":0.2001884284},
{"learn":[0.1948078894],"iteration":933,"passed_time":2.78967649,"remaining_time":0.1971291738},
{"learn":[0.1943299871],"iteration":934,"passed_time":2.791193394,"remaining_time":0.1940401825},
{"learn":[0.1942480785],"iteration":935,"passed_time":2.794220846,"remaining_time":0.1910578356},
{"learn":[0.1938338857],"iteration":936,"passed_time":2.795847506,"remaining_time":0.187981209},
{"learn":[0.1932656223],"iteration":937,"passed_time":2.798588583,"remaining_time":0.1849813349},
{"learn":[0.1928229159],"iteration":938,"passed_time":2.800535024,"remaining_time":0.1819303903},
{"learn":[0.1923022412],"iteration":939,"passed_time":2.802283662,"remaining_time":0.1788691699},
{"learn":[0.1915736588],"iteration":940,"passed_time":2.806630667,"remaining_time":0.175973655},
{"learn":[0.191111356],"iteration":941,"passed_time":2.81015386,"remaining_time":0.1730243353},
{"learn":[0.1906619484],"iteration":942,"passed_time":2.813973336,"remaining_time":0.1700917075},
{"learn":[0.1903853955],"iteration":943,"passed_time":2.817703056,"remaining_time":0.1671518762},
{"learn":[0.1903104072],"iteration":944,"passed_time":2.821627655,"remaining_time":0.1642217154},
{"learn":[0.1900396313],"iteration":945,"passed_time":2.825054102,"remaining_time":0.1612610164},
{"learn":[0.1896241238],"iteration":946,"passed_time":2.827922001,"remaining_time":0.158268074},
{"learn":[0.1890921174],"iteration":947,"passed_time":2.830740253,"remaining_time":0.1552726721},
{"learn":[0.1884837511],"iteration":948,"passed_time":2.834260825,"remaining_time":0.1523153868},
{"learn":[0.1883868252],"iteration":949,"passed_time":2.837471921,"remaining_time":0.1493406274},
{"learn":[0.1879465379],"iteration":950,"passed_time":2.840917189,"remaining_time":0.1463774367},
{"learn":[0.1873930489],"iteration":951,"passed_time":2.845009647,"remaining_time":0.1434458646},
{"learn":[0.1871939931],"iteration":952,"passed_time":2.84867125,"remaining_time":0.1404906073},
{"learn":[0.1867807956],"iteration":953,"passed_time":2.850211009,"remaining_time":0.1374315581},
{"learn":[0.1865974342],"iteration":954,"passed_time":2.853446192,"remaining_time":0.1344555797},
{"learn":[0.18650372],"iteration":955,"passed_time":2.857638611,"remaining_time":0.131523116},
{"learn":[0.1859827945],"iteration":956,"passed_time":2.86194474,"remaining_time":0.1285931283},
{"learn":[0.185901891],"iteration":957,"passed_time":2.865840924,"remaining_time":0.1256422952},
{"learn":[0.1855095972],"iteration":958,"passed_time":2.867604974,"remaining_time":0.1225983357},
{"learn":[0.18532234],"iteration":959,"passed_time":2.871181385,"remaining_time":0.1196325577},
{"learn":[0.1848969956],"iteration":960,"passed_time":2.874996485,"remaining_time":0.1166751955},
{"learn":[0.1848032609],"iteration":961,"passed_time":2.878085484,"remaining_time":0.1136873684},
{"learn":[0.1842529302],"iteration":962,"passed_time":2.881370585,"remaining_time":0.1107068657},
{"learn":[0.1837296339],"iteration":963,"passed_time":2.883968826,"remaining_time":0.1077000806},
{"learn":[0.183316039],"iteration":964,"passed_time":2.886145907,"remaining_time":0.1046788671},
{"learn":[0.1827255014],"iteration":965,"passed_time":2.888614188,"remaining_time":0.1016696505},
{"learn":[0.1821385547],"iteration":966,"passed_time":2.892515562,"remaining_time":0.09871045867},
{"learn":[0.1820294263],"iteration":967,"passed_time":2.895645514,"remaining_time":0.09572381865},
{"learn":[0.1819758019],"iteration":968,"passed_time":2.897700733,"remaining_time":0.09270250024},
{"learn":[0.1816178079],"iteration":969,"passed_time":2.900240222,"remaining_time":0.0896981512},
{"learn":[0.1809492374],"iteration":970,"passed_time":2.901868652,"remaining_time":0.08666754985},
{"learn":[0.1807030514],"iteration":971,"passed_time":2.904666279,"remaining_time":0.0836735142},
{"learn":[0.1802891703],"iteration":972,"passed_time":2.909183962,"remaining_time":0.0807276125},
{"learn":[0.1798581131],"iteration":973,"passed_time":2.913540017,"remaining_time":0.07777416884},
{"learn":[0.1793318196],"iteration":974,"passed_time":2.916338993,"remaining_time":0.07477792289},
{"learn":[0.1789920612],"iteration":975,"passed_time":2.920586534,"remaining_time":0.07181770165},
{"learn":[0.1787176486],"iteration":976,"passed_time":2.925188111,"remaining_time":0.0688631797},
{"learn":[0.1783996738],"iteration":977,"passed_time":2.929048126,"remaining_time":0.06588860814},
{"learn":[0.1781326018],"iteration":978,"passed_time":2.931501712,"remaining_time":0.06288205919},
{"learn":[0.1776833653],"iteration":979,"passed_time":2.93497058,"remaining_time":0.05989735878},
{"learn":[0.1772097719],"iteration":980,"passed_time":2.937302157,"remaining_time":0.05688964423},
{"learn":[0.1771144546],"iteration":981,"passed_time":2.939217104,"remaining_time":0.05387566994},
{"learn":[0.1767543216],"iteration":982,"passed_time":2.941568434,"remaining_time":0.05087147851},
{"learn":[0.1765379272],"iteration":983,"passed_time":2.9434042,"remaining_time":0.04786023089},
{"learn":[0.1764137626],"iteration":984,"passed_time":2.947203511,"remaining_time":0.04488127173},
{"learn":[0.1763180928],"iteration":985,"passed_time":2.949332119,"remaining_time":0.04187692663},
{"learn":[0.1757641023],"iteration":986,"passed_time":2.95266388,"remaining_time":0.03889020308},
{"learn":[0.175653253],"iteration":987,"passed_time":2.957041801,"remaining_time":0.03591548747},
{"learn":[0.1752662342],"iteration":988,"passed_time":2.959559859,"remaining_time":0.03291724818},
{"learn":[0.1749226358],"iteration":989,"passed_time":2.96124995,"remaining_time":0.02991161566},
{"learn":[0.1743326142],"iteration":990,"passed_time":2.964222931,"remaining_time":0.02692028898},
{"learn":[0.1740277537],"iteration":991,"passed_time":2.966721199,"remaining_time":0.02392517096},
{"learn":[0.173846288],"iteration":992,"passed_time":2.970853472,"remaining_time":0.02094257231},
{"learn":[0.173463687],"iteration":993,"passed_time":2.974472073,"remaining_time":0.0179545598},
{"learn":[0.1732527365],"iteration":994,"passed_time":2.977704438,"remaining_time":0.01496333888},
{"learn":[0.1728142252],"iteration":995,"passed_time":2.98129331,"remaining_time":0.0119730655},
{"learn":[0.1723032467],"iteration":996,"passed_time":2.983104894,"remaining_time":0.008976243414},
{"learn":[0.1719613356],"iteration":997,"passed_time":2.987098363,"remaining_time":0.005986169065},
{"learn":[0.1711633884],"iteration":998,"passed_time":2.990017068,"remaining_time":0.002993010078},
{"learn":[0.1703894761],"iteration":999,"passed_time":2.992262851,"remaining_time":0}
]}