model,r2,mse,rmse,mape
"LinearRegression(copy_X=True, fit_intercept=True, n_jobs=None, normalize=False)",0.73399893834442,27.32604471085193,5.227431942249648,6.590165327104932
"Ridge(alpha=1.0, copy_X=True, fit_intercept=True, max_iter=None,
      normalize=False, random_state=None, solver='auto', tol=0.001)",0.5142542041862661,59.6835089315219,7.725510269977116,7.169446730890655
"Lasso(alpha=0.1, copy_X=True, fit_intercept=True, max_iter=1000,
      normalize=False, positive=False, precompute=False, random_state=None,
      selection='cyclic', tol=0.0001, warm_start=False)",0.4722253478218138,58.00247701769092,7.615935728306202,7.739857769314715
"ElasticNet(alpha=1.0, copy_X=True, fit_intercept=True, l1_ratio=0.5,
           max_iter=1000, normalize=False, positive=False, precompute=False,
           random_state=0, selection='cyclic', tol=0.0001, warm_start=False)",0.7417866825841735,8.768592131695064,2.9611808677781,5.504381987270701
"DecisionTreeRegressor(criterion='mse', max_depth=None, max_features=None,
                      max_leaf_nodes=None, min_impurity_decrease=0.0,
                      min_impurity_split=None, min_samples_leaf=1,
                      min_samples_split=2, min_weight_fraction_leaf=0.0,
                      presort=False, random_state=None, splitter='best')",0.9119645800252213,14.396911627906984,3.7943262416280157,5.663670159519522
"RandomForestRegressor(bootstrap=True, criterion='mse', max_depth=None,
                      max_features='auto', max_leaf_nodes=None,
                      min_impurity_decrease=0.0, min_impurity_split=None,
                      min_samples_leaf=1, min_samples_split=2,
                      min_weight_fraction_leaf=0.0, n_estimators=10,
                      n_jobs=None, oob_score=False, random_state=None,
                      verbose=0, warm_start=False)",0.9477480418500509,5.302357767441857,2.3026849040721697,3.836524170091804
"GradientBoostingRegressor(alpha=0.9, criterion='friedman_mse', init=None,
                          learning_rate=0.1, loss='ls', max_depth=3,
                          max_features=None, max_leaf_nodes=None,
                          min_impurity_decrease=0.0, min_impurity_split=None,
                          min_samples_leaf=1, min_samples_split=2,
                          min_weight_fraction_leaf=0.0, n_estimators=100,
                          n_iter_no_change=None, presort='auto',
                          random_state=None, subsample=1.0, tol=0.0001,
                          validation_fraction=0.1, verbose=0, warm_start=False)",0.9608592068431224,5.737006622230022,2.3952049228051493,4.018060415379218
"HistGradientBoostingRegressor(l2_regularization=0.0, learning_rate=0.1,
                              loss='least_squares', max_bins=256,
                              max_depth=None, max_iter=100, max_leaf_nodes=31,
                              min_samples_leaf=20, n_iter_no_change=None,
                              random_state=None, scoring=None, tol=1e-07,
                              validation_fraction=0.1, verbose=0)",0.9416782676107703,5.621558252508126,2.370982550021852,3.896374392121861
"XGBRegressor(base_score=0.5, booster='gbtree', colsample_bylevel=1,
             colsample_bynode=1, colsample_bytree=1, gamma=0, gpu_id=-1,
             importance_type='gain', interaction_constraints='',
             learning_rate=0.300000012, max_delta_step=0, max_depth=6,
             min_child_weight=1, missing=nan, monotone_constraints='()',
             n_estimators=100, n_jobs=12, num_parallel_tree=1,
             objective='reg:squarederror', random_state=0, reg_alpha=0,
             reg_lambda=1, scale_pos_weight=1, subsample=1, tree_method='exact',
             validate_parameters=1, verbosity=None)",0.9624975059358384,6.1329837978679,2.4764861796238438,4.082268518645078
<catboost.core.CatBoostRegressor object at 0x000002A86C6FE9E8>,0.9733065759511332,4.250541064489105,2.061684036046529,3.6180829344553302
"SVR(C=1.0, cache_size=200, coef0=0.0, degree=3, epsilon=0.2,
    gamma='auto_deprecated', kernel='rbf', max_iter=-1, shrinking=True,
    tol=0.001, verbose=False)",0.18369659179841513,32.87275812577403,5.733476966533835,11.022919862883167
"LinearSVR(C=1.0, dual=True, epsilon=0.0, fit_intercept=True,
          intercept_scaling=1.0, loss='epsilon_insensitive', max_iter=1000,
          random_state=0, tol=1e-05, verbose=0)",0.17514328134092672,24.34196191242022,4.933757382808788,9.654365239740946
"SGDRegressor(alpha=0.0001, average=False, early_stopping=False, epsilon=0.1,
             eta0=0.01, fit_intercept=True, l1_ratio=0.15,
             learning_rate='invscaling', loss='squared_loss', max_iter=1000,
             n_iter_no_change=5, penalty='l2', power_t=0.25, random_state=None,
             shuffle=True, tol=0.001, validation_fraction=0.1, verbose=0,
             warm_start=False)",-2.3311656690484653e+34,7.618871373234163e+35,8.728614651383209e+17,2.055975253292857e+18
"MLPRegressor(activation='relu', alpha=0.0001, batch_size='auto', beta_1=0.9,
             beta_2=0.999, early_stopping=False, epsilon=1e-08,
             hidden_layer_sizes=(100,), learning_rate='constant',
             learning_rate_init=0.001, max_iter=5000, momentum=0.9,
             n_iter_no_change=10, nesterovs_momentum=True, power_t=0.5,
             random_state=1, shuffle=True, solver='lbfgs', tol=0.0001,
             validation_fraction=0.1, verbose=False, warm_start=False)",0.7610854851636365,10.83666470209189,3.291908975365493,5.896269020872902
